Datetime,100035541 (Neutor),101035541 (Neutor stadteinwärts),102035541 (Neutor stadtauswärts),100035541-status,101035541-status,102035541-status
2026-08-01 00:00,66,22,44,0,0,0
2026-08-01 00:15,49,16,33,0,0,0
2026-08-01 00:30,60,23,37,0,0,0
2026-08-01 00:45,61,18,43,0,0,0
2026-08-01 01:00,37,7,30,0,0,0
2026-08-01 01:15,61,9,52,0,0,0
2026-08-01 01:30,27,5,22,0,0,0
2026-08-01 01:45,26,2,24,0,0,0
2026-08-01 02:00,34,6,28,0,0,0
2026-08-01 02:15,25,2,23,0,0,0
2026-08-01 02:30,23,0,23,0,0,0
2026-08-01 02:45,26,4,22,0,0,0
2026-08-01 03:00,30,7,23,0,0,0
2026-08-01 03:15,14,1,13,0,0,0
2026-08-01 03:30,28,2,26,0,0,0
2026-08-01 03:45,26,5,21,0,0,0
2026-08-01 04:00,11,4,7,0,0,0
2026-08-01 04:15,18,1,17,0,0,0
2026-08-01 04:30,9,3,6,0,0,0
2026-08-01 04:45,10,3,7,0,0,0
2026-08-01 05:00,6,4,2,0,0,0
2026-08-01 05:15,5,0,5,0,0,0
2026-08-01 05:30,13,6,7,0,0,0
2026-08-01 05:45,14,5,9,0,0,0
2026-08-01 06:00,5,4,1,0,0,0
2026-08-01 06:15,14,7,7,0,0,0
2026-08-01 06:30,21,12,9,0,0,0
2026-08-01 06:45,9,5,4,0,0,0
2026-08-01 07:00,10,9,1,0,0,0
2026-08-01 07:15,21,12,9,0,0,0
2026-08-01 07:30,21,8,13,0,0,0
2026-08-01 07:45,46,34,12,0,0,0
2026-08-01 08:00,56,45,11,0,0,0
2026-08-01 08:15,46,33,13,0,0,0
2026-08-01 08:30,55,39,16,0,0,0
2026-08-01 08:45,81,62,19,0,0,0
2026-08-01 09:00,56,42,14,0,0,0
2026-08-01 09:15,79,55,24,0,0,0
2026-08-01 09:30,85,62,23,0,0,0
2026-08-01 09:45,133,93,40,0,0,0
2026-08-01 10:00,113,72,41,0,0,0
2026-08-01 10:15,97,71,26,0,0,0
2026-08-01 10:30,134,91,43,0,0,0
2026-08-01 10:45,167,101,66,0,0,0
2026-08-01 11:00,153,94,59,0,0,0
2026-08-01 11:15,150,97,53,0,0,0
2026-08-01 11:30,134,78,56,0,0,0
2026-08-01 11:45,148,86,62,0,0,0
2026-08-01 12:00,185,111,74,0,0,0
2026-08-01 12:15,167,115,52,0,0,0
2026-08-01 12:30,162,101,61,0,0,0
2026-08-01 12:45,174,105,69,0,0,0
2026-08-01 13:00,176,90,86,0,0,0
2026-08-01 13:15,191,107,84,0,0,0
2026-08-01 13:30,170,88,82,0,0,0
2026-08-01 13:45,184,92,92,0,0,0
2026-08-01 14:00,176,89,87,0,0,0
2026-08-01 14:15,190,103,87,0,0,0
2026-08-01 14:30,153,68,85,0,0,0
2026-08-01 14:45,158,80,78,0,0,0
2026-08-01 15:00,169,82,87,0,0,0
2026-08-01 15:15,163,75,88,0,0,0
2026-08-01 15:30,168,80,88,0,0,0
2026-08-01 15:45,164,78,86,0,0,0
2026-08-01 16:00,176,96,80,0,0,0
2026-08-01 16:15,194,104,90,0,0,0
2026-08-01 16:30,164,92,72,0,0,0
2026-08-01 16:45,159,91,68,0,0,0
2026-08-01 17:00,177,85,92,0,0,0
2026-08-01 17:15,213,111,102,0,0,0
2026-08-01 17:30,212,116,96,0,0,0
2026-08-01 17:45,202,107,95,0,0,0
2026-08-01 18:00,190,102,88,0,0,0
2026-08-01 18:15,179,84,95,0,0,0
2026-08-01 18:30,199,103,96,0,0,0
2026-08-01 18:45,173,87,86,0,0,0
2026-08-01 19:00,161,69,92,0,0,0
2026-08-01 19:15,140,59,81,0,0,0
2026-08-01 19:30,131,65,66,0,0,0
2026-08-01 19:45,128,76,52,0,0,0
2026-08-01 20:00,186,87,99,0,0,0
2026-08-01 20:15,130,65,65,0,0,0
2026-08-01 20:30,104,52,52,0,0,0
2026-08-01 20:45,121,49,72,0,0,0
2026-08-01 21:00,94,43,51,0,0,0
2026-08-01 21:15,112,36,76,0,0,0
2026-08-01 21:30,81,36,45,0,0,0
2026-08-01 21:45,120,38,82,0,0,0
2026-08-01 22:00,140,35,105,0,0,0
2026-08-01 22:15,119,25,94,0,0,0
2026-08-01 22:30,100,27,73,0,0,0
2026-08-01 22:45,93,25,68,0,0,0
2026-08-01 23:00,93,28,65,0,0,0
2026-08-01 23:15,69,16,53,0,0,0
2026-08-01 23:30,77,24,53,0,0,0
2026-08-01 23:45,67,15,52,0,0,0
2026-08-02 00:00,78,11,67,0,0,0
2026-08-02 00:15,58,17,41,0,0,0
2026-08-02 00:30,61,11,50,0,0,0
2026-08-02 00:45,40,5,35,0,0,0
2026-08-02 01:00,39,13,26,0,0,0
2026-08-02 01:15,38,2,36,0,0,0
2026-08-02 01:30,22,5,17,0,0,0
2026-08-02 01:45,32,11,21,0,0,0
2026-08-02 02:00,36,2,34,0,0,0
2026-08-02 02:15,30,2,28,0,0,0
2026-08-02 02:30,14,4,10,0,0,0
2026-08-02 02:45,20,2,18,0,0,0
2026-08-02 03:00,18,0,18,0,0,0
2026-08-02 03:15,10,1,9,0,0,0
2026-08-02 03:30,14,1,13,0,0,0
2026-08-02 03:45,18,1,17,0,0,0
2026-08-02 04:00,8,0,8,0,0,0
2026-08-02 04:15,10,5,5,0,0,0
2026-08-02 04:30,6,0,6,0,0,0
2026-08-02 04:45,5,1,4,0,0,0
2026-08-02 05:00,4,0,4,0,0,0
2026-08-02 05:15,5,1,4,0,0,0
2026-08-02 05:30,12,5,7,0,0,0
2026-08-02 05:45,10,5,5,0,0,0
2026-08-02 06:00,6,3,3,0,0,0
2026-08-02 06:15,9,3,6,0,0,0
2026-08-02 06:30,14,8,6,0,0,0
2026-08-02 06:45,6,1,5,0,0,0
2026-08-02 07:00,10,5,5,0,0,0
2026-08-02 07:15,10,6,4,0,0,0
2026-08-02 07:30,11,6,5,0,0,0
2026-08-02 07:45,31,22,9,0,0,0
2026-08-02 08:00,45,32,13,0,0,0
2026-08-02 08:15,23,15,8,0,0,0
2026-08-02 08:30,32,25,7,0,0,0
2026-08-02 08:45,35,23,12,0,0,0
2026-08-02 09:00,60,45,15,0,0,0
2026-08-02 09:15,48,30,18,0,0,0
2026-08-02 09:30,44,28,16,0,0,0
2026-08-02 09:45,83,53,30,0,0,0
2026-08-02 10:00,84,48,36,0,0,0
2026-08-02 10:15,79,47,32,0,0,0
2026-08-02 10:30,65,38,27,0,0,0
2026-08-02 10:45,94,50,44,0,0,0
2026-08-02 11:00,90,57,33,0,0,0
2026-08-02 11:15,82,44,38,0,0,0
2026-08-02 11:30,89,50,39,0,0,0
2026-08-02 11:45,99,54,45,0,0,0
2026-08-02 12:00,100,38,62,0,0,0
2026-08-02 12:15,95,47,48,0,0,0
2026-08-02 12:30,105,53,52,0,0,0
2026-08-02 12:45,103,53,50,0,0,0
2026-08-02 13:00,110,47,63,0,0,0
2026-08-02 13:15,113,61,52,0,0,0
2026-08-02 13:30,108,66,42,0,0,0
2026-08-02 13:45,117,75,42,0,0,0
2026-08-02 14:00,123,69,54,0,0,0
2026-08-02 14:15,119,53,66,0,0,0
2026-08-02 14:30,153,71,82,0,0,0
2026-08-02 14:45,156,101,55,0,0,0
2026-08-02 15:00,135,68,67,0,0,0
2026-08-02 15:15,155,91,64,0,0,0
2026-08-02 15:30,114,63,51,0,0,0
2026-08-02 15:45,131,71,60,0,0,0
2026-08-02 16:00,151,69,82,0,0,0
2026-08-02 16:15,138,74,64,0,0,0
2026-08-02 16:30,131,70,61,0,0,0
2026-08-02 16:45,162,80,82,0,0,0
2026-08-02 17:00,192,102,90,0,0,0
2026-08-02 17:15,170,90,80,0,0,0
2026-08-02 17:30,195,82,113,0,0,0
2026-08-02 17:45,209,113,96,0,0,0
2026-08-02 18:00,190,87,103,0,0,0
2026-08-02 18:15,215,128,87,0,0,0
2026-08-02 18:30,164,101,63,0,0,0
2026-08-02 18:45,184,103,81,0,0,0
2026-08-02 19:00,184,95,89,0,0,0
2026-08-02 19:15,181,103,78,0,0,0
2026-08-02 19:30,185,126,59,0,0,0
2026-08-02 19:45,152,99,53,0,0,0
2026-08-02 20:00,145,81,64,0,0,0
2026-08-02 20:15,156,91,65,0,0,0
2026-08-02 20:30,149,75,74,0,0,0
2026-08-02 20:45,140,64,76,0,0,0
2026-08-02 21:00,134,55,79,0,0,0
2026-08-02 21:15,104,37,67,0,0,0
2026-08-02 21:30,116,53,63,0,0,0
2026-08-02 21:45,97,31,66,0,0,0
2026-08-02 22:00,216,46,170,0,0,0
2026-08-02 22:15,154,37,117,0,0,0
2026-08-02 22:30,70,18,52,0,0,0
2026-08-02 22:45,44,17,27,0,0,0
2026-08-02 23:00,39,10,29,0,0,0
2026-08-02 23:15,37,7,30,0,0,0
2026-08-02 23:30,38,7,31,0,0,0
2026-08-02 23:45,25,3,22,0,0,0
2026-08-03 00:00,22,6,16,0,0,0
2026-08-03 00:15,15,2,13,0,0,0
2026-08-03 00:30,18,7,11,0,0,0
2026-08-03 00:45,9,6,3,0,0,0
2026-08-03 01:00,3,0,3,0,0,0
2026-08-03 01:15,8,6,2,0,0,0
2026-08-03 01:30,3,0,3,0,0,0
2026-08-03 01:45,7,3,4,0,0,0
2026-08-03 02:00,2,0,2,0,0,0
2026-08-03 02:15,5,0,5,0,0,0
2026-08-03 02:30,5,4,1,0,0,0
2026-08-03 02:45,2,0,2,0,0,0
2026-08-03 03:00,6,3,3,0,0,0
2026-08-03 03:15,1,1,0,0,0,0
2026-08-03 03:30,0,0,0,0,0,0
2026-08-03 03:45,3,2,1,0,0,0
2026-08-03 04:00,2,1,1,0,0,0
2026-08-03 04:15,1,0,1,0,0,0
2026-08-03 04:30,4,3,1,0,0,0
2026-08-03 04:45,6,6,0,0,0,0
2026-08-03 05:00,9,6,3,0,0,0
2026-08-03 05:15,11,9,2,0,0,0
2026-08-03 05:30,27,19,8,0,0,0
2026-08-03 05:45,27,17,10,0,0,0
2026-08-03 06:00,31,21,10,0,0,0
2026-08-03 06:15,36,30,6,0,0,0
2026-08-03 06:30,60,37,23,0,0,0
2026-08-03 06:45,85,55,30,0,0,0
2026-08-03 07:00,73,50,23,0,0,0
2026-08-03 07:15,104,61,43,0,0,0
2026-08-03 07:30,138,81,57,0,0,0
2026-08-03 07:45,187,121,66,0,0,0
2026-08-03 08:00,161,115,46,0,0,0
2026-08-03 08:15,172,121,51,0,0,0
2026-08-03 08:30,161,96,65,0,0,0
2026-08-03 08:45,176,110,66,0,0,0
2026-08-03 09:00,113,70,43,0,0,0
2026-08-03 09:15,104,58,46,0,0,0
2026-08-03 09:30,136,78,58,0,0,0
2026-08-03 09:45,163,97,66,0,0,0
2026-08-03 10:00,124,65,59,0,0,0
2026-08-03 10:15,106,57,49,0,0,0
2026-08-03 10:30,125,75,50,0,0,0
2026-08-03 10:45,109,56,53,0,0,0
2026-08-03 11:00,97,54,43,0,0,0
2026-08-03 11:15,108,48,60,0,0,0
2026-08-03 11:30,111,58,53,0,0,0
2026-08-03 11:45,108,61,47,0,0,0
2026-08-03 12:00,144,70,74,0,0,0
2026-08-03 12:15,143,73,70,0,0,0
2026-08-03 12:30,136,70,66,0,0,0
2026-08-03 12:45,175,84,91,0,0,0
2026-08-03 13:00,127,59,68,0,0,0
2026-08-03 13:15,132,61,71,0,0,0
2026-08-03 13:30,136,51,85,0,0,0
2026-08-03 13:45,150,81,69,0,0,0
2026-08-03 14:00,128,51,77,0,0,0
2026-08-03 14:15,130,59,71,0,0,0
2026-08-03 14:30,137,57,80,0,0,0
2026-08-03 14:45,163,73,90,0,0,0
2026-08-03 15:00,150,73,77,0,0,0
2026-08-03 15:15,131,61,70,0,0,0
2026-08-03 15:30,163,75,88,0,0,0
2026-08-03 15:45,155,65,90,0,0,0
2026-08-03 16:00,184,86,98,0,0,0
2026-08-03 16:15,189,72,117,0,0,0
2026-08-03 16:30,204,82,122,0,0,0
2026-08-03 16:45,213,77,136,0,0,0
2026-08-03 17:00,221,93,128,0,0,0
2026-08-03 17:15,204,101,103,0,0,0
2026-08-03 17:30,227,95,132,0,0,0
2026-08-03 17:45,252,94,158,0,0,0
2026-08-03 18:00,192,76,116,0,0,0
2026-08-03 18:15,204,87,117,0,0,0
2026-08-03 18:30,188,89,99,0,0,0
2026-08-03 18:45,187,76,111,0,0,0
2026-08-03 19:00,175,82,93,0,0,0
2026-08-03 19:15,143,70,73,0,0,0
2026-08-03 19:30,131,66,65,0,0,0
2026-08-03 19:45,170,97,73,0,0,0
2026-08-03 20:00,133,64,69,0,0,0
2026-08-03 20:15,127,54,73,0,0,0
2026-08-03 20:30,91,35,56,0,0,0
2026-08-03 20:45,95,34,61,0,0,0
2026-08-03 21:00,108,53,55,0,0,0
2026-08-03 21:15,84,29,55,0,0,0
2026-08-03 21:30,79,25,54,0,0,0
2026-08-03 21:45,82,25,57,0,0,0
2026-08-03 22:00,71,15,56,0,0,0
2026-08-03 22:15,81,32,49,0,0,0
2026-08-03 22:30,66,17,49,0,0,0
2026-08-03 22:45,51,21,30,0,0,0
2026-08-03 23:00,34,19,15,0,0,0
2026-08-03 23:15,38,13,25,0,0,0
2026-08-03 23:30,36,7,29,0,0,0
2026-08-03 23:45,29,11,18,0,0,0
2026-08-04 00:00,25,5,20,0,0,0
2026-08-04 00:15,22,6,16,0,0,0
2026-08-04 00:30,9,2,7,0,0,0
2026-08-04 00:45,7,2,5,0,0,0
2026-08-04 01:00,6,1,5,0,0,0
2026-08-04 01:15,9,0,9,0,0,0
2026-08-04 01:30,1,0,1,0,0,0
2026-08-04 01:45,6,2,4,0,0,0
2026-08-04 02:00,4,1,3,0,0,0
2026-08-04 02:15,6,3,3,0,0,0
2026-08-04 02:30,1,0,1,0,0,0
2026-08-04 02:45,2,0,2,0,0,0
2026-08-04 03:00,2,1,1,0,0,0
2026-08-04 03:15,4,1,3,0,0,0
2026-08-04 03:30,1,0,1,0,0,0
2026-08-04 03:45,1,0,1,0,0,0
2026-08-04 04:00,1,0,1,0,0,0
2026-08-04 04:15,3,2,1,0,0,0
2026-08-04 04:30,4,1,3,0,0,0
2026-08-04 04:45,6,5,1,0,0,0
2026-08-04 05:00,8,7,1,0,0,0
2026-08-04 05:15,14,10,4,0,0,0
2026-08-04 05:30,19,13,6,0,0,0
2026-08-04 05:45,27,21,6,0,0,0
2026-08-04 06:00,35,27,8,0,0,0
2026-08-04 06:15,36,30,6,0,0,0
2026-08-04 06:30,61,29,32,0,0,0
2026-08-04 06:45,79,41,38,0,0,0
2026-08-04 07:00,71,43,28,0,0,0
2026-08-04 07:15,104,64,40,0,0,0
2026-08-04 07:30,139,90,49,0,0,0
2026-08-04 07:45,204,127,77,0,0,0
2026-08-04 08:00,168,122,46,0,0,0
2026-08-04 08:15,158,96,62,0,0,0
2026-08-04 08:30,160,101,59,0,0,0
2026-08-04 08:45,180,115,65,0,0,0
2026-08-04 09:00,148,84,64,0,0,0
2026-08-04 09:15,102,70,32,0,0,0
2026-08-04 09:30,132,89,43,0,0,0
2026-08-04 09:45,143,80,63,0,0,0
2026-08-04 10:00,153,92,61,0,0,0
2026-08-04 10:15,105,67,38,0,0,0
2026-08-04 10:30,118,71,47,0,0,0
2026-08-04 10:45,123,64,59,0,0,0
2026-08-04 11:00,97,56,41,0,0,0
2026-08-04 11:15,118,58,60,0,0,0
2026-08-04 11:30,122,62,60,0,0,0
2026-08-04 11:45,141,70,71,0,0,0
2026-08-04 12:00,123,73,50,0,0,0
2026-08-04 12:15,114,58,56,0,0,0
2026-08-04 12:30,128,72,56,0,0,0
2026-08-04 12:45,181,99,82,0,0,0
2026-08-04 13:00,141,78,63,0,0,0
2026-08-04 13:15,125,63,62,0,0,0
2026-08-04 13:30,118,58,60,0,0,0
2026-08-04 13:45,158,92,66,0,0,0
2026-08-04 14:00,115,41,74,0,0,0
2026-08-04 14:15,137,64,73,0,0,0
2026-08-04 14:30,129,67,62,0,0,0
2026-08-04 14:45,146,75,71,0,0,0
2026-08-04 15:00,149,67,82,0,0,0
2026-08-04 15:15,163,66,97,0,0,0
2026-08-04 15:30,184,79,105,0,0,0
2026-08-04 15:45,165,77,88,0,0,0
2026-08-04 16:00,209,90,119,0,0,0
2026-08-04 16:15,206,87,119,0,0,0
2026-08-04 16:30,214,100,114,0,0,0
2026-08-04 16:45,219,112,107,0,0,0
2026-08-04 17:00,210,74,136,0,0,0
2026-08-04 17:15,219,90,129,0,0,0
2026-08-04 17:30,218,87,131,0,0,0
2026-08-04 17:45,236,88,148,0,0,0
2026-08-04 18:00,255,99,156,0,0,0
2026-08-04 18:15,202,87,115,0,0,0
2026-08-04 18:30,180,78,102,0,0,0
2026-08-04 18:45,184,94,90,0,0,0
2026-08-04 19:00,165,72,93,0,0,0
2026-08-04 19:15,172,76,96,0,0,0
2026-08-04 19:30,158,64,94,0,0,0
2026-08-04 19:45,123,61,62,0,0,0
2026-08-04 20:00,156,82,74,0,0,0
2026-08-04 20:15,145,68,77,0,0,0
2026-08-04 20:30,118,62,56,0,0,0
2026-08-04 20:45,130,81,49,0,0,0
2026-08-04 21:00,119,70,49,0,0,0
2026-08-04 21:15,92,41,51,0,0,0
2026-08-04 21:30,78,39,39,0,0,0
2026-08-04 21:45,87,34,53,0,0,0
2026-08-04 22:00,70,21,49,0,0,0
2026-08-04 22:15,80,38,42,0,0,0
2026-08-04 22:30,82,23,59,0,0,0
2026-08-04 22:45,49,11,38,0,0,0
2026-08-04 23:00,43,5,38,0,0,0
2026-08-04 23:15,27,10,17,0,0,0
2026-08-04 23:30,44,9,35,0,0,0
2026-08-04 23:45,112,17,95,0,0,0
2026-08-05 00:00,35,9,26,0,0,0
2026-08-05 00:15,13,3,10,0,0,0
2026-08-05 00:30,9,0,9,0,0,0
2026-08-05 00:45,5,0,5,0,0,0
2026-08-05 01:00,9,4,5,0,0,0
2026-08-05 01:15,9,3,6,0,0,0
2026-08-05 01:30,10,1,9,0,0,0
2026-08-05 01:45,6,5,1,0,0,0
2026-08-05 02:00,5,0,5,0,0,0
2026-08-05 02:15,6,0,6,0,0,0
2026-08-05 02:30,4,0,4,0,0,0
2026-08-05 02:45,1,1,0,0,0,0
2026-08-05 03:00,3,3,0,0,0,0
2026-08-05 03:15,2,1,1,0,0,0
2026-08-05 03:30,3,1,2,0,0,0
2026-08-05 03:45,0,0,0,0,0,0
2026-08-05 04:00,2,1,1,0,0,0
2026-08-05 04:15,4,2,2,0,0,0
2026-08-05 04:30,3,2,1,0,0,0
2026-08-05 04:45,4,3,1,0,0,0
2026-08-05 05:00,8,6,2,0,0,0
2026-08-05 05:15,16,11,5,0,0,0
2026-08-05 05:30,17,12,5,0,0,0
2026-08-05 05:45,30,23,7,0,0,0
2026-08-05 06:00,32,27,5,0,0,0
2026-08-05 06:15,31,21,10,0,0,0
2026-08-05 06:30,64,42,22,0,0,0
2026-08-05 06:45,78,48,30,0,0,0
2026-08-05 07:00,78,53,25,0,0,0
2026-08-05 07:15,114,68,46,0,0,0
2026-08-05 07:30,183,129,54,0,0,0
2026-08-05 07:45,188,120,68,0,0,0
2026-08-05 08:00,157,103,54,0,0,0
2026-08-05 08:15,185,128,57,0,0,0
2026-08-05 08:30,153,82,71,0,0,0
2026-08-05 08:45,177,106,71,0,0,0
2026-08-05 09:00,124,73,51,0,0,0
2026-08-05 09:15,146,76,70,0,0,0
2026-08-05 09:30,161,95,66,0,0,0
2026-08-05 09:45,158,90,68,0,0,0
2026-08-05 10:00,125,83,42,0,0,0
2026-08-05 10:15,122,82,40,0,0,0
2026-08-05 10:30,127,62,65,0,0,0
2026-08-05 10:45,125,77,48,0,0,0
2026-08-05 11:00,157,92,65,0,0,0
2026-08-05 11:15,130,66,64,0,0,0
2026-08-05 11:30,138,65,73,0,0,0
2026-08-05 11:45,169,97,72,0,0,0
2026-08-05 12:00,173,90,83,0,0,0
2026-08-05 12:15,167,80,87,0,0,0
2026-08-05 12:30,162,97,65,0,0,0
2026-08-05 12:45,144,73,71,0,0,0
2026-08-05 13:00,148,73,75,0,0,0
2026-08-05 13:15,156,77,79,0,0,0
2026-08-05 13:30,141,68,73,0,0,0
2026-08-05 13:45,151,71,80,0,0,0
2026-08-05 14:00,163,83,80,0,0,0
2026-08-05 14:15,170,82,88,0,0,0
2026-08-05 14:30,145,71,74,0,0,0
2026-08-05 14:45,147,54,93,0,0,0
2026-08-05 15:00,164,75,89,0,0,0
2026-08-05 15:15,171,71,100,0,0,0
2026-08-05 15:30,174,64,110,0,0,0
2026-08-05 15:45,154,80,74,0,0,0
2026-08-05 16:00,205,83,122,0,0,0
2026-08-05 16:15,198,91,107,0,0,0
2026-08-05 16:30,201,83,118,0,0,0
2026-08-05 16:45,224,101,123,0,0,0
2026-08-05 17:00,228,104,124,0,0,0
2026-08-05 17:15,220,100,120,0,0,0
2026-08-05 17:30,228,84,144,0,0,0
2026-08-05 17:45,238,102,136,0,0,0
2026-08-05 18:00,242,97,145,0,0,0
2026-08-05 18:15,180,85,95,0,0,0
2026-08-05 18:30,191,88,103,0,0,0
2026-08-05 18:45,237,108,129,0,0,0
2026-08-05 19:00,173,92,81,0,0,0
2026-08-05 19:15,189,107,82,0,0,0
2026-08-05 19:30,159,77,82,0,0,0
2026-08-05 19:45,163,90,73,0,0,0
2026-08-05 20:00,184,90,94,0,0,0
2026-08-05 20:15,125,54,71,0,0,0
2026-08-05 20:30,115,57,58,0,0,0
2026-08-05 20:45,113,51,62,0,0,0
2026-08-05 21:00,103,62,41,0,0,0
2026-08-05 21:15,101,42,59,0,0,0
2026-08-05 21:30,105,47,58,0,0,0
2026-08-05 21:45,96,33,63,0,0,0
2026-08-05 22:00,87,36,51,0,0,0
2026-08-05 22:15,85,36,49,0,0,0
2026-08-05 22:30,67,17,50,0,0,0
2026-08-05 22:45,54,30,24,0,0,0
2026-08-05 23:00,50,26,24,0,0,0
2026-08-05 23:15,44,18,26,0,0,0
2026-08-05 23:30,53,23,30,0,0,0
2026-08-05 23:45,45,25,20,0,0,0
2026-08-06 00:00,89,23,66,0,0,0
2026-08-06 00:15,20,6,14,0,0,0
2026-08-06 00:30,26,9,17,0,0,0
2026-08-06 00:45,28,4,24,0,0,0
2026-08-06 01:00,25,6,19,0,0,0
2026-08-06 01:15,15,7,8,0,0,0
2026-08-06 01:30,17,3,14,0,0,0
2026-08-06 01:45,21,6,15,0,0,0
2026-08-06 02:00,28,1,27,0,0,0
2026-08-06 02:15,13,2,11,0,0,0
2026-08-06 02:30,12,0,12,0,0,0
2026-08-06 02:45,17,1,16,0,0,0
2026-08-06 03:00,8,0,8,0,0,0
2026-08-06 03:15,21,3,18,0,0,0
2026-08-06 03:30,10,0,10,0,0,0
2026-08-06 03:45,11,4,7,0,0,0
2026-08-06 04:00,10,0,10,0,0,0
2026-08-06 04:15,5,0,5,0,0,0
2026-08-06 04:30,2,0,2,0,0,0
2026-08-06 04:45,7,2,5,0,0,0
2026-08-06 05:00,7,5,2,0,0,0
2026-08-06 05:15,12,10,2,0,0,0
2026-08-06 05:30,18,11,7,0,0,0
2026-08-06 05:45,21,16,5,0,0,0
2026-08-06 06:00,31,22,9,0,0,0
2026-08-06 06:15,35,28,7,0,0,0
2026-08-06 06:30,62,29,33,0,0,0
2026-08-06 06:45,61,41,20,0,0,0
2026-08-06 07:00,78,42,36,0,0,0
2026-08-06 07:15,112,70,42,0,0,0
2026-08-06 07:30,115,60,55,0,0,0
2026-08-06 07:45,160,79,81,0,0,0
2026-08-06 08:00,128,92,36,0,0,0
2026-08-06 08:15,145,92,53,0,0,0
2026-08-06 08:30,146,89,57,0,0,0
2026-08-06 08:45,163,103,60,0,0,0
2026-08-06 09:00,106,76,30,0,0,0
2026-08-06 09:15,119,62,57,0,0,0
2026-08-06 09:30,98,52,46,0,0,0
2026-08-06 09:45,120,80,40,0,0,0
2026-08-06 10:00,115,71,44,0,0,0
2026-08-06 10:15,132,77,55,0,0,0
2026-08-06 10:30,135,76,59,0,0,0
2026-08-06 10:45,99,55,44,0,0,0
2026-08-06 11:00,96,53,43,0,0,0
2026-08-06 11:15,99,50,49,0,0,0
2026-08-06 11:30,89,56,33,0,0,0
2026-08-06 11:45,120,81,39,0,0,0
2026-08-06 12:00,134,72,62,0,0,0
2026-08-06 12:15,158,86,72,0,0,0
2026-08-06 12:30,193,103,90,0,0,0
2026-08-06 12:45,148,76,72,0,0,0
2026-08-06 13:00,133,74,59,0,0,0
2026-08-06 13:15,158,81,77,0,0,0
2026-08-06 13:30,145,66,79,0,0,0
2026-08-06 13:45,129,80,49,0,0,0
2026-08-06 14:00,141,57,84,0,0,0
2026-08-06 14:15,139,71,68,0,0,0
2026-08-06 14:30,144,76,68,0,0,0
2026-08-06 14:45,168,77,91,0,0,0
2026-08-06 15:00,173,69,104,0,0,0
2026-08-06 15:15,134,61,73,0,0,0
2026-08-06 15:30,170,89,81,0,0,0
2026-08-06 15:45,186,88,98,0,0,0
2026-08-06 16:00,204,82,122,0,0,0
2026-08-06 16:15,185,79,106,0,0,0
2026-08-06 16:30,233,103,130,0,0,0
2026-08-06 16:45,205,94,111,0,0,0
2026-08-06 17:00,193,84,109,0,0,0
2026-08-06 17:15,244,97,147,0,0,0
2026-08-06 17:30,254,98,156,0,0,0
2026-08-06 17:45,217,75,142,0,0,0
2026-08-06 18:00,197,84,113,0,0,0
2026-08-06 18:15,202,90,112,0,0,0
2026-08-06 18:30,212,85,127,0,0,0
2026-08-06 18:45,188,96,92,0,0,0
2026-08-06 19:00,189,89,100,0,0,0
2026-08-06 19:15,180,83,97,0,0,0
2026-08-06 19:30,171,71,100,0,0,0
2026-08-06 19:45,185,91,94,0,0,0
2026-08-06 20:00,138,67,71,0,0,0
2026-08-06 20:15,129,57,72,0,0,0
2026-08-06 20:30,129,54,75,0,0,0
2026-08-06 20:45,106,45,61,0,0,0
2026-08-06 21:00,89,54,35,0,0,0
2026-08-06 21:15,101,42,59,0,0,0
2026-08-06 21:30,91,40,51,0,0,0
2026-08-06 21:45,71,31,40,0,0,0
2026-08-06 22:00,91,24,67,0,0,0
2026-08-06 22:15,70,25,45,0,0,0
2026-08-06 22:30,77,27,50,0,0,0
2026-08-06 22:45,70,20,50,0,0,0
2026-08-06 23:00,71,24,47,0,0,0
2026-08-06 23:15,35,11,24,0,0,0
2026-08-06 23:30,44,7,37,0,0,0
2026-08-06 23:45,45,12,33,0,0,0
2026-08-07 00:00,25,8,17,0,0,0
2026-08-07 00:15,89,17,72,0,0,0
2026-08-07 00:30,21,4,17,0,0,0
2026-08-07 00:45,29,7,22,0,0,0
2026-08-07 01:00,22,5,17,0,0,0
2026-08-07 01:15,4,0,4,0,0,0
2026-08-07 01:30,18,2,16,0,0,0
2026-08-07 01:45,4,3,1,0,0,0
2026-08-07 02:00,9,5,4,0,0,0
2026-08-07 02:15,7,2,5,0,0,0
2026-08-07 02:30,4,1,3,0,0,0
2026-08-07 02:45,1,1,0,0,0,0
2026-08-07 03:00,4,0,4,0,0,0
2026-08-07 03:15,2,0,2,0,0,0
2026-08-07 03:30,2,2,0,0,0,0
2026-08-07 03:45,0,0,0,0,0,0
2026-08-07 04:00,5,2,3,0,0,0
2026-08-07 04:15,3,3,0,0,0,0
2026-08-07 04:30,1,1,0,0,0,0
2026-08-07 04:45,5,3,2,0,0,0
2026-08-07 05:00,4,4,0,0,0,0
2026-08-07 05:15,13,11,2,0,0,0
2026-08-07 05:30,20,14,6,0,0,0
2026-08-07 05:45,27,19,8,0,0,0
2026-08-07 06:00,23,21,2,0,0,0
2026-08-07 06:15,30,21,9,0,0,0
2026-08-07 06:30,51,29,22,0,0,0
2026-08-07 06:45,58,37,21,0,0,0
2026-08-07 07:00,73,43,30,0,0,0
2026-08-07 07:15,110,72,38,0,0,0
2026-08-07 07:30,123,80,43,0,0,0
2026-08-07 07:45,160,105,55,0,0,0
2026-08-07 08:00,130,91,39,0,0,0
2026-08-07 08:15,143,92,51,0,0,0
2026-08-07 08:30,93,57,36,0,0,0
2026-08-07 08:45,128,74,54,0,0,0
2026-08-07 09:00,101,70,31,0,0,0
2026-08-07 09:15,89,58,31,0,0,0
2026-08-07 09:30,106,61,45,0,0,0
2026-08-07 09:45,110,72,38,0,0,0
2026-08-07 10:00,85,48,37,0,0,0
2026-08-07 10:15,137,72,65,0,0,0
2026-08-07 10:30,103,43,60,0,0,0
2026-08-07 10:45,125,58,67,0,0,0
2026-08-07 11:00,98,38,60,0,0,0
2026-08-07 11:15,92,38,54,0,0,0
2026-08-07 11:30,103,56,47,0,0,0
2026-08-07 11:45,119,64,55,0,0,0
2026-08-07 12:00,133,54,79,0,0,0
2026-08-07 12:15,162,91,71,0,0,0
2026-08-07 12:30,116,66,50,0,0,0
2026-08-07 12:45,149,73,76,0,0,0
2026-08-07 13:00,174,84,90,0,0,0
2026-08-07 13:15,127,60,67,0,0,0
2026-08-07 13:30,150,69,81,0,0,0
2026-08-07 13:45,145,64,81,0,0,0
2026-08-07 14:00,137,60,77,0,0,0
2026-08-07 14:15,159,68,91,0,0,0
2026-08-07 14:30,166,78,88,0,0,0
2026-08-07 14:45,177,96,81,0,0,0
2026-08-07 15:00,170,81,89,0,0,0
2026-08-07 15:15,170,87,83,0,0,0
2026-08-07 15:30,153,68,85,0,0,0
2026-08-07 15:45,180,82,98,0,0,0
2026-08-07 16:00,183,101,82,0,0,0
2026-08-07 16:15,173,97,76,0,0,0
2026-08-07 16:30,169,77,92,0,0,0
2026-08-07 16:45,164,79,85,0,0,0
2026-08-07 17:00,157,81,76,0,0,0
2026-08-07 17:15,159,70,89,0,0,0
2026-08-07 17:30,143,66,77,0,0,0
2026-08-07 17:45,158,81,77,0,0,0
2026-08-07 18:00,195,87,108,0,0,0
2026-08-07 18:15,157,70,87,0,0,0
2026-08-07 18:30,170,83,87,0,0,0
2026-08-07 18:45,134,71,63,0,0,0
2026-08-07 19:00,190,88,102,0,0,0
2026-08-07 19:15,109,64,45,0,0,0
2026-08-07 19:30,144,69,75,0,0,0
2026-08-07 19:45,123,70,53,0,0,0
2026-08-07 20:00,139,72,67,0,0,0
2026-08-07 20:15,120,66,54,0,0,0
2026-08-07 20:30,103,50,53,0,0,0
2026-08-07 20:45,76,37,39,0,0,0
2026-08-07 21:00,79,34,45,0,0,0
2026-08-07 21:15,94,49,45,0,0,0
2026-08-07 21:30,85,41,44,0,0,0
2026-08-07 21:45,72,39,33,0,0,0
2026-08-07 22:00,92,28,64,0,0,0
2026-08-07 22:15,59,20,39,0,0,0
2026-08-07 22:30,69,26,43,0,0,0
2026-08-07 22:45,64,23,41,0,0,0
2026-08-07 23:00,71,26,45,0,0,0
2026-08-07 23:15,62,20,42,0,0,0
2026-08-07 23:30,78,24,54,0,0,0
2026-08-07 23:45,74,14,60,0,0,0
2026-08-08 00:00,72,22,50,0,0,0
2026-08-08 00:15,43,15,28,0,0,0
2026-08-08 00:30,42,12,30,0,0,0
2026-08-08 00:45,41,13,28,0,0,0
2026-08-08 01:00,22,8,14,0,0,0
2026-08-08 01:15,28,4,24,0,0,0
2026-08-08 01:30,25,8,17,0,0,0
2026-08-08 01:45,10,1,9,0,0,0
2026-08-08 02:00,30,8,22,0,0,0
2026-08-08 02:15,31,10,21,0,0,0
2026-08-08 02:30,17,2,15,0,0,0
2026-08-08 02:45,26,5,21,0,0,0
2026-08-08 03:00,21,2,19,0,0,0
2026-08-08 03:15,17,2,15,0,0,0
2026-08-08 03:30,13,1,12,0,0,0
2026-08-08 03:45,11,1,10,0,0,0
2026-08-08 04:00,22,4,18,0,0,0
2026-08-08 04:15,23,0,23,0,0,0
2026-08-08 04:30,9,3,6,0,0,0
2026-08-08 04:45,11,3,8,0,0,0
2026-08-08 05:00,8,3,5,0,0,0
2026-08-08 05:15,13,6,7,0,0,0
2026-08-08 05:30,7,4,3,0,0,0
2026-08-08 05:45,8,7,1,0,0,0
2026-08-08 06:00,9,3,6,0,0,0
2026-08-08 06:15,11,3,8,0,0,0
2026-08-08 06:30,11,8,3,0,0,0
2026-08-08 06:45,13,9,4,0,0,0
2026-08-08 07:00,17,12,5,0,0,0
2026-08-08 07:15,13,8,5,0,0,0
2026-08-08 07:30,25,16,9,0,0,0
2026-08-08 07:45,46,28,18,0,0,0
2026-08-08 08:00,29,22,7,0,0,0
2026-08-08 08:15,44,31,13,0,0,0
2026-08-08 08:30,43,28,15,0,0,0
2026-08-08 08:45,59,34,25,0,0,0
2026-08-08 09:00,48,29,19,0,0,0
2026-08-08 09:15,61,49,12,0,0,0
2026-08-08 09:30,70,49,21,0,0,0
2026-08-08 09:45,120,87,33,0,0,0
2026-08-08 10:00,106,66,40,0,0,0
2026-08-08 10:15,112,80,32,0,0,0
2026-08-08 10:30,114,70,44,0,0,0
2026-08-08 10:45,155,93,62,0,0,0
2026-08-08 11:00,139,81,58,0,0,0
2026-08-08 11:15,140,94,46,0,0,0
2026-08-08 11:30,137,84,53,0,0,0
2026-08-08 11:45,147,81,66,0,0,0
2026-08-08 12:00,123,68,55,0,0,0
2026-08-08 12:15,153,87,66,0,0,0
2026-08-08 12:30,167,87,80,0,0,0
2026-08-08 12:45,140,69,71,0,0,0
2026-08-08 13:00,132,58,74,0,0,0
2026-08-08 13:15,147,74,73,0,0,0
2026-08-08 13:30,129,58,71,0,0,0
2026-08-08 13:45,161,84,77,0,0,0
2026-08-08 14:00,157,81,76,0,0,0
2026-08-08 14:15,160,76,84,0,0,0
2026-08-08 14:30,134,81,53,0,0,0
2026-08-08 14:45,149,67,82,0,0,0
2026-08-08 15:00,124,68,56,0,0,0
2026-08-08 15:15,139,75,64,0,0,0
2026-08-08 15:30,133,58,75,0,0,0
2026-08-08 15:45,126,74,52,0,0,0
2026-08-08 16:00,139,81,58,0,0,0
2026-08-08 16:15,153,76,77,0,0,0
2026-08-08 16:30,133,74,59,0,0,0
2026-08-08 16:45,126,58,68,0,0,0
2026-08-08 17:00,125,64,61,0,0,0
2026-08-08 17:15,143,59,84,0,0,0
2026-08-08 17:30,153,54,99,0,0,0
2026-08-08 17:45,139,57,82,0,0,0
2026-08-08 18:00,144,51,93,0,0,0
2026-08-08 18:15,140,76,64,0,0,0
2026-08-08 18:30,108,49,59,0,0,0
2026-08-08 18:45,146,70,76,0,0,0
2026-08-08 19:00,106,45,61,0,0,0
2026-08-08 19:15,104,52,52,0,0,0
2026-08-08 19:30,92,45,47,0,0,0
2026-08-08 19:45,145,81,64,0,0,0
2026-08-08 20:00,143,78,65,0,0,0
2026-08-08 20:15,134,73,61,0,0,0
2026-08-08 20:30,78,46,32,0,0,0
2026-08-08 20:45,96,53,43,0,0,0
2026-08-08 21:00,78,32,46,0,0,0
2026-08-08 21:15,68,26,42,0,0,0
2026-08-08 21:30,68,26,42,0,0,0
2026-08-08 21:45,73,27,46,0,0,0
2026-08-08 22:00,59,29,30,0,0,0
2026-08-08 22:15,52,19,33,0,0,0
2026-08-08 22:30,66,23,43,0,0,0
2026-08-08 22:45,63,24,39,0,0,0
2026-08-08 23:00,46,13,33,0,0,0
2026-08-08 23:15,47,16,31,0,0,0
2026-08-08 23:30,54,20,34,0,0,0
2026-08-08 23:45,131,37,94,0,0,0
2026-08-09 00:00,71,18,53,0,0,0
2026-08-09 00:15,41,16,25,0,0,0
2026-08-09 00:30,51,12,39,0,0,0
2026-08-09 00:45,31,13,18,0,0,0
2026-08-09 01:00,50,19,31,0,0,0
2026-08-09 01:15,25,7,18,0,0,0
2026-08-09 01:30,30,10,20,0,0,0
2026-08-09 01:45,22,2,20,0,0,0
2026-08-09 02:00,32,8,24,0,0,0
2026-08-09 02:15,20,5,15,0,0,0
2026-08-09 02:30,12,4,8,0,0,0
2026-08-09 02:45,22,3,19,0,0,0
2026-08-09 03:00,29,0,29,0,0,0
2026-08-09 03:15,19,8,11,0,0,0
2026-08-09 03:30,15,1,14,0,0,0
2026-08-09 03:45,15,2,13,0,0,0
2026-08-09 04:00,11,3,8,0,0,0
2026-08-09 04:15,10,4,6,0,0,0
2026-08-09 04:30,10,2,8,0,0,0
2026-08-09 04:45,3,2,1,0,0,0
2026-08-09 05:00,9,0,9,0,0,0
2026-08-09 05:15,12,5,7,0,0,0
2026-08-09 05:30,12,6,6,0,0,0
2026-08-09 05:45,7,3,4,0,0,0
2026-08-09 06:00,7,4,3,0,0,0
2026-08-09 06:15,5,0,5,0,0,0
2026-08-09 06:30,14,8,6,0,0,0
2026-08-09 06:45,14,6,8,0,0,0
2026-08-09 07:00,6,4,2,0,0,0
2026-08-09 07:15,7,3,4,0,0,0
2026-08-09 07:30,14,4,10,0,0,0
2026-08-09 07:45,22,11,11,0,0,0
2026-08-09 08:00,14,7,7,0,0,0
2026-08-09 08:15,12,8,4,0,0,0
2026-08-09 08:30,19,15,4,0,0,0
2026-08-09 08:45,20,9,11,0,0,0
2026-08-09 09:00,31,14,17,0,0,0
2026-08-09 09:15,40,20,20,0,0,0
2026-08-09 09:30,54,25,29,0,0,0
2026-08-09 09:45,84,54,30,0,0,0
2026-08-09 10:00,71,33,38,0,0,0
2026-08-09 10:15,62,38,24,0,0,0
2026-08-09 10:30,71,40,31,0,0,0
2026-08-09 10:45,84,46,38,0,0,0
2026-08-09 11:00,61,38,23,0,0,0
2026-08-09 11:15,67,31,36,0,0,0
2026-08-09 11:30,68,38,30,0,0,0
2026-08-09 11:45,83,41,42,0,0,0
2026-08-09 12:00,66,46,20,0,0,0
2026-08-09 12:15,87,44,43,0,0,0
2026-08-09 12:30,94,60,34,0,0,0
2026-08-09 12:45,94,45,49,0,0,0
2026-08-09 13:00,98,43,55,0,0,0
2026-08-09 13:15,97,57,40,0,0,0
2026-08-09 13:30,68,38,30,0,0,0
2026-08-09 13:45,91,47,44,0,0,0
2026-08-09 14:00,95,47,48,0,0,0
2026-08-09 14:15,80,46,34,0,0,0
2026-08-09 14:30,89,50,39,0,0,0
2026-08-09 14:45,117,57,60,0,0,0
2026-08-09 15:00,75,40,35,0,0,0
2026-08-09 15:15,113,63,50,0,0,0
2026-08-09 15:30,91,52,39,0,0,0
2026-08-09 15:45,94,57,37,0,0,0
2026-08-09 16:00,95,48,47,0,0,0
2026-08-09 16:15,84,34,50,0,0,0
2026-08-09 16:30,113,63,50,0,0,0
2026-08-09 16:45,85,44,41,0,0,0
2026-08-09 17:00,113,52,61,0,0,0
2026-08-09 17:15,105,48,57,0,0,0
2026-08-09 17:30,137,58,79,0,0,0
2026-08-09 17:45,136,67,69,0,0,0
2026-08-09 18:00,111,48,63,0,0,0
2026-08-09 18:15,116,60,56,0,0,0
2026-08-09 18:30,109,52,57,0,0,0
2026-08-09 18:45,89,49,40,0,0,0
2026-08-09 19:00,75,32,43,0,0,0
2026-08-09 19:15,94,60,34,0,0,0
2026-08-09 19:30,110,60,50,0,0,0
2026-08-09 19:45,83,44,39,0,0,0
2026-08-09 20:00,93,49,44,0,0,0
2026-08-09 20:15,77,29,48,0,0,0
2026-08-09 20:30,71,29,42,0,0,0
2026-08-09 20:45,62,20,42,0,0,0
2026-08-09 21:00,64,22,42,0,0,0
2026-08-09 21:15,74,30,44,0,0,0
2026-08-09 21:30,61,20,41,0,0,0
2026-08-09 21:45,39,14,25,0,0,0
2026-08-09 22:00,42,14,28,0,0,0
2026-08-09 22:15,29,9,20,0,0,0
2026-08-09 22:30,25,4,21,0,0,0
2026-08-09 22:45,22,6,16,0,0,0
2026-08-09 23:00,45,14,31,0,0,0
2026-08-09 23:15,48,13,35,0,0,0
2026-08-09 23:30,22,8,14,0,0,0
2026-08-09 23:45,23,3,20,0,0,0
2026-08-10 00:00,12,8,4,0,0,0
2026-08-10 00:15,10,4,6,0,0,0
2026-08-10 00:30,5,1,4,0,0,0
2026-08-10 00:45,2,1,1,0,0,0
2026-08-10 01:00,11,3,8,0,0,0
2026-08-10 01:15,5,2,3,0,0,0
2026-08-10 01:30,3,2,1,0,0,0
2026-08-10 01:45,4,1,3,0,0,0
2026-08-10 02:00,3,0,3,0,0,0
2026-08-10 02:15,3,1,2,0,0,0
2026-08-10 02:30,2,0,2,0,0,0
2026-08-10 02:45,2,1,1,0,0,0
2026-08-10 03:00,1,1,0,0,0,0
2026-08-10 03:15,5,4,1,0,0,0
2026-08-10 03:30,3,0,3,0,0,0
2026-08-10 03:45,0,0,0,0,0,0
2026-08-10 04:00,1,0,1,0,0,0
2026-08-10 04:15,3,3,0,0,0,0
2026-08-10 04:30,3,1,2,0,0,0
2026-08-10 04:45,6,5,1,0,0,0
2026-08-10 05:00,5,4,1,0,0,0
2026-08-10 05:15,10,8,2,0,0,0
2026-08-10 05:30,21,14,7,0,0,0
2026-08-10 05:45,25,15,10,0,0,0
2026-08-10 06:00,29,22,7,0,0,0
2026-08-10 06:15,33,28,5,0,0,0
2026-08-10 06:30,51,30,21,0,0,0
2026-08-10 06:45,77,45,32,0,0,0
2026-08-10 07:00,78,51,27,0,0,0
2026-08-10 07:15,109,60,49,0,0,0
2026-08-10 07:30,154,91,63,0,0,0
2026-08-10 07:45,161,94,67,0,0,0
2026-08-10 08:00,134,90,44,0,0,0
2026-08-10 08:15,132,80,52,0,0,0
2026-08-10 08:30,131,71,60,0,0,0
2026-08-10 08:45,167,103,64,0,0,0
2026-08-10 09:00,102,62,40,0,0,0
2026-08-10 09:15,116,55,61,0,0,0
2026-08-10 09:30,139,82,57,0,0,0
2026-08-10 09:45,129,69,60,0,0,0
2026-08-10 10:00,175,107,68,0,0,0
2026-08-10 10:15,139,80,59,0,0,0
2026-08-10 10:30,121,76,45,0,0,0
2026-08-10 10:45,133,69,64,0,0,0
2026-08-10 11:00,127,80,47,0,0,0
2026-08-10 11:15,101,52,49,0,0,0
2026-08-10 11:30,100,54,46,0,0,0
2026-08-10 11:45,120,60,60,0,0,0
2026-08-10 12:00,120,81,39,0,0,0
2026-08-10 12:15,159,83,76,0,0,0
2026-08-10 12:30,124,78,46,0,0,0
2026-08-10 12:45,137,73,64,0,0,0
2026-08-10 13:00,135,70,65,0,0,0
2026-08-10 13:15,126,69,57,0,0,0
2026-08-10 13:30,131,62,69,0,0,0
2026-08-10 13:45,140,77,63,0,0,0
2026-08-10 14:00,132,71,61,0,0,0
2026-08-10 14:15,123,56,67,0,0,0
2026-08-10 14:30,143,65,78,0,0,0
2026-08-10 14:45,174,88,86,0,0,0
2026-08-10 15:00,146,73,73,0,0,0
2026-08-10 15:15,141,70,71,0,0,0
2026-08-10 15:30,184,86,98,0,0,0
2026-08-10 15:45,198,92,106,0,0,0
2026-08-10 16:00,198,73,125,0,0,0
2026-08-10 16:15,203,98,105,0,0,0
2026-08-10 16:30,205,88,117,0,0,0
2026-08-10 16:45,183,75,108,0,0,0
2026-08-10 17:00,213,96,117,0,0,0
2026-08-10 17:15,213,93,120,0,0,0
2026-08-10 17:30,228,94,134,0,0,0
2026-08-10 17:45,210,85,125,0,0,0
2026-08-10 18:00,216,68,148,0,0,0
2026-08-10 18:15,200,86,114,0,0,0
2026-08-10 18:30,167,75,92,0,0,0
2026-08-10 18:45,237,109,128,0,0,0
2026-08-10 19:00,164,68,96,0,0,0
2026-08-10 19:15,146,60,86,0,0,0
2026-08-10 19:30,145,78,67,0,0,0
2026-08-10 19:45,150,87,63,0,0,0
2026-08-10 20:00,149,89,60,0,0,0
2026-08-10 20:15,133,72,61,0,0,0
2026-08-10 20:30,120,66,54,0,0,0
2026-08-10 20:45,115,62,53,0,0,0
2026-08-10 21:00,90,45,45,0,0,0
2026-08-10 21:15,91,34,57,0,0,0
2026-08-10 21:30,66,36,30,0,0,0
2026-08-10 21:45,75,21,54,0,0,0
2026-08-10 22:00,66,33,33,0,0,0
2026-08-10 22:15,72,21,51,0,0,0
2026-08-10 22:30,44,11,33,0,0,0
2026-08-10 22:45,42,16,26,0,0,0
2026-08-10 23:00,57,10,47,0,0,0
2026-08-10 23:15,35,4,31,0,0,0
2026-08-10 23:30,48,20,28,0,0,0
2026-08-10 23:45,98,18,80,0,0,0
2026-08-11 00:00,36,12,24,0,0,0
2026-08-11 00:15,29,6,23,0,0,0
2026-08-11 00:30,12,4,8,0,0,0
2026-08-11 00:45,17,1,16,0,0,0
2026-08-11 01:00,17,7,10,0,0,0
2026-08-11 01:15,10,1,9,0,0,0
2026-08-11 01:30,6,1,5,0,0,0
2026-08-11 01:45,7,0,7,0,0,0
2026-08-11 02:00,5,2,3,0,0,0
2026-08-11 02:15,3,1,2,0,0,0
2026-08-11 02:30,0,0,0,0,0,0
2026-08-11 02:45,1,0,1,0,0,0
2026-08-11 03:00,1,0,1,0,0,0
2026-08-11 03:15,7,2,5,0,0,0
2026-08-11 03:30,2,0,2,0,0,0
2026-08-11 03:45,0,0,0,0,0,0
2026-08-11 04:00,3,1,2,0,0,0
2026-08-11 04:15,4,1,3,0,0,0
2026-08-11 04:30,3,2,1,0,0,0
2026-08-11 04:45,2,0,2,0,0,0
2026-08-11 05:00,8,6,2,0,0,0
2026-08-11 05:15,13,11,2,0,0,0
2026-08-11 05:30,20,13,7,0,0,0
2026-08-11 05:45,28,16,12,0,0,0
2026-08-11 06:00,23,19,4,0,0,0
2026-08-11 06:15,30,20,10,0,0,0
2026-08-11 06:30,68,44,24,0,0,0
2026-08-11 06:45,99,51,48,0,0,0
2026-08-11 07:00,82,54,28,0,0,0
2026-08-11 07:15,104,61,43,0,0,0
2026-08-11 07:30,126,72,54,0,0,0
2026-08-11 07:45,198,115,83,0,0,0
2026-08-11 08:00,156,108,48,0,0,0
2026-08-11 08:15,134,85,49,0,0,0
2026-08-11 08:30,125,76,49,0,0,0
2026-08-11 08:45,198,125,73,0,0,0
2026-08-11 09:00,131,84,47,0,0,0
2026-08-11 09:15,102,63,39,0,0,0
2026-08-11 09:30,131,69,62,0,0,0
2026-08-11 09:45,156,98,58,0,0,0
2026-08-11 10:00,104,68,36,0,0,0
2026-08-11 10:15,128,66,62,0,0,0
2026-08-11 10:30,113,52,61,0,0,0
2026-08-11 10:45,128,76,52,0,0,0
2026-08-11 11:00,116,61,55,0,0,0
2026-08-11 11:15,119,61,58,0,0,0
2026-08-11 11:30,128,80,48,0,0,0
2026-08-11 11:45,143,78,65,0,0,0
2026-08-11 12:00,137,77,60,0,0,0
2026-08-11 12:15,154,87,67,0,0,0
2026-08-11 12:30,151,79,72,0,0,0
2026-08-11 12:45,148,86,62,0,0,0
2026-08-11 13:00,129,72,57,0,0,0
2026-08-11 13:15,129,54,75,0,0,0
2026-08-11 13:30,146,78,68,0,0,0
2026-08-11 13:45,133,75,58,0,0,0
2026-08-11 14:00,120,64,56,0,0,0
2026-08-11 14:15,129,59,70,0,0,0
2026-08-11 14:30,144,76,68,0,0,0
2026-08-11 14:45,174,81,93,0,0,0
2026-08-11 15:00,156,74,82,0,0,0
2026-08-11 15:15,153,74,79,0,0,0
2026-08-11 15:30,187,97,90,0,0,0
2026-08-11 15:45,183,80,103,0,0,0
2026-08-11 16:00,186,70,116,0,0,0
2026-08-11 16:15,221,91,130,0,0,0
2026-08-11 16:30,219,107,112,0,0,0
2026-08-11 16:45,228,95,133,0,0,0
2026-08-11 17:00,250,107,143,0,0,0
2026-08-11 17:15,247,90,157,0,0,0
2026-08-11 17:30,221,81,140,0,0,0
2026-08-11 17:45,230,109,121,0,0,0
2026-08-11 18:00,238,88,150,0,0,0
2026-08-11 18:15,218,90,128,0,0,0
2026-08-11 18:30,208,96,112,0,0,0
2026-08-11 18:45,201,104,97,0,0,0
2026-08-11 19:00,181,85,96,0,0,0
2026-08-11 19:15,180,86,94,0,0,0
2026-08-11 19:30,137,68,69,0,0,0
2026-08-11 19:45,161,84,77,0,0,0
2026-08-11 20:00,168,101,67,0,0,0
2026-08-11 20:15,140,76,64,0,0,0
2026-08-11 20:30,117,45,72,0,0,0
2026-08-11 20:45,103,47,56,0,0,0
2026-08-11 21:00,106,40,66,0,0,0
2026-08-11 21:15,114,39,75,0,0,0
2026-08-11 21:30,75,35,40,0,0,0
2026-08-11 21:45,68,19,49,0,0,0
2026-08-11 22:00,82,25,57,0,0,0
2026-08-11 22:15,65,30,35,0,0,0
2026-08-11 22:30,67,29,38,0,0,0
2026-08-11 22:45,48,14,34,0,0,0
2026-08-11 23:00,37,15,22,0,0,0
2026-08-11 23:15,59,19,40,0,0,0
2026-08-11 23:30,164,25,139,0,0,0
2026-08-11 23:45,32,9,23,0,0,0
2026-08-12 00:00,19,8,11,0,0,0
2026-08-12 00:15,27,6,21,0,0,0
2026-08-12 00:30,15,5,10,0,0,0
2026-08-12 00:45,9,3,6,0,0,0
2026-08-12 01:00,13,5,8,0,0,0
2026-08-12 01:15,6,2,4,0,0,0
2026-08-12 01:30,9,1,8,0,0,0
2026-08-12 01:45,4,1,3,0,0,0
2026-08-12 02:00,10,1,9,0,0,0
2026-08-12 02:15,5,1,4,0,0,0
2026-08-12 02:30,1,0,1,0,0,0
2026-08-12 02:45,4,1,3,0,0,0
2026-08-12 03:00,1,0,1,0,0,0
2026-08-12 03:15,0,0,0,0,0,0
2026-08-12 03:30,0,0,0,0,0,0
2026-08-12 03:45,2,1,1,0,0,0
2026-08-12 04:00,3,2,1,0,0,0
2026-08-12 04:15,1,1,0,0,0,0
2026-08-12 04:30,1,1,0,0,0,0
2026-08-12 04:45,5,4,1,0,0,0
2026-08-12 05:00,6,4,2,0,0,0
2026-08-12 05:15,11,7,4,0,0,0
2026-08-12 05:30,16,10,6,0,0,0
2026-08-12 05:45,31,20,11,0,0,0
2026-08-12 06:00,28,20,8,0,0,0
2026-08-12 06:15,28,18,10,0,0,0
2026-08-12 06:30,72,53,19,0,0,0
2026-08-12 06:45,91,54,37,0,0,0
2026-08-12 07:00,76,47,29,0,0,0
2026-08-12 07:15,116,81,35,0,0,0
2026-08-12 07:30,143,96,47,0,0,0
2026-08-12 07:45,199,114,85,0,0,0
2026-08-12 08:00,123,70,53,0,0,0
2026-08-12 08:15,150,86,64,0,0,0
2026-08-12 08:30,136,84,52,0,0,0
2026-08-12 08:45,162,97,65,0,0,0
2026-08-12 09:00,129,79,50,0,0,0
2026-08-12 09:15,117,68,49,0,0,0
2026-08-12 09:30,134,91,43,0,0,0
2026-08-12 09:45,142,87,55,0,0,0
2026-08-12 10:00,134,87,47,0,0,0
2026-08-12 10:15,133,65,68,0,0,0
2026-08-12 10:30,116,61,55,0,0,0
2026-08-12 10:45,165,95,70,0,0,0
2026-08-12 11:00,127,69,58,0,0,0
2026-08-12 11:15,137,87,50,0,0,0
2026-08-12 11:30,135,68,67,0,0,0
2026-08-12 11:45,147,73,74,0,0,0
2026-08-12 12:00,167,91,76,0,0,0
2026-08-12 12:15,165,98,67,0,0,0
2026-08-12 12:30,170,87,83,0,0,0
2026-08-12 12:45,156,91,65,0,0,0
2026-08-12 13:00,143,70,73,0,0,0
2026-08-12 13:15,167,84,83,0,0,0
2026-08-12 13:30,138,72,66,0,0,0
2026-08-12 13:45,155,75,80,0,0,0
2026-08-12 14:00,145,62,83,0,0,0
2026-08-12 14:15,179,73,106,0,0,0
2026-08-12 14:30,170,75,95,0,0,0
2026-08-12 14:45,150,72,78,0,0,0
2026-08-12 15:00,150,54,96,0,0,0
2026-08-12 15:15,189,80,109,0,0,0
2026-08-12 15:30,176,78,98,0,0,0
2026-08-12 15:45,171,79,92,0,0,0
2026-08-12 16:00,207,96,111,0,0,0
2026-08-12 16:15,199,77,122,0,0,0
2026-08-12 16:30,221,109,112,0,0,0
2026-08-12 16:45,242,113,129,0,0,0
2026-08-12 17:00,227,106,121,0,0,0
2026-08-12 17:15,199,92,107,0,0,0
2026-08-12 17:30,225,104,121,0,0,0
2026-08-12 17:45,238,111,127,0,0,0
2026-08-12 18:00,215,97,118,0,0,0
2026-08-12 18:15,213,95,118,0,0,0
2026-08-12 18:30,191,82,109,0,0,0
2026-08-12 18:45,226,110,116,0,0,0
2026-08-12 19:00,197,95,102,0,0,0
2026-08-12 19:15,176,85,91,0,0,0
2026-08-12 19:30,138,73,65,0,0,0
2026-08-12 19:45,144,85,59,0,0,0
2026-08-12 20:00,132,58,74,0,0,0
2026-08-12 20:15,128,52,76,0,0,0
2026-08-12 20:30,101,37,64,0,0,0
2026-08-12 20:45,108,52,56,0,0,0
2026-08-12 21:00,118,53,65,0,0,0
2026-08-12 21:15,113,53,60,0,0,0
2026-08-12 21:30,110,41,69,0,0,0
2026-08-12 21:45,92,42,50,0,0,0
2026-08-12 22:00,109,55,54,0,0,0
2026-08-12 22:15,83,30,53,0,0,0
2026-08-12 22:30,68,30,38,0,0,0
2026-08-12 22:45,59,27,32,0,0,0
2026-08-12 23:00,69,22,47,0,0,0
2026-08-12 23:15,77,17,60,0,0,0
2026-08-12 23:30,35,14,21,0,0,0
2026-08-12 23:45,41,19,22,0,0,0
2026-08-13 00:00,47,20,27,0,0,0
2026-08-13 00:15,52,31,21,0,0,0
2026-08-13 00:30,27,8,19,0,0,0
2026-08-13 00:45,20,4,16,0,0,0
2026-08-13 01:00,18,5,13,0,0,0
2026-08-13 01:15,24,10,14,0,0,0
2026-08-13 01:30,18,3,15,0,0,0
2026-08-13 01:45,23,6,17,0,0,0
2026-08-13 02:00,15,2,13,0,0,0
2026-08-13 02:15,20,1,19,0,0,0
2026-08-13 02:30,4,0,4,0,0,0
2026-08-13 02:45,14,0,14,0,0,0
2026-08-13 03:00,25,6,19,0,0,0
2026-08-13 03:15,15,1,14,0,0,0
2026-08-13 03:30,15,2,13,0,0,0
2026-08-13 03:45,3,1,2,0,0,0
2026-08-13 04:00,9,1,8,0,0,0
2026-08-13 04:15,4,1,3,0,0,0
2026-08-13 04:30,5,2,3,0,0,0
2026-08-13 04:45,6,5,1,0,0,0
2026-08-13 05:00,3,1,2,0,0,0
2026-08-13 05:15,11,8,3,0,0,0
2026-08-13 05:30,20,13,7,0,0,0
2026-08-13 05:45,24,13,11,0,0,0
2026-08-13 06:00,24,19,5,0,0,0
2026-08-13 06:15,35,28,7,0,0,0
2026-08-13 06:30,64,41,23,0,0,0
2026-08-13 06:45,65,39,26,0,0,0
2026-08-13 07:00,79,50,29,0,0,0
2026-08-13 07:15,97,48,49,0,0,0
2026-08-13 07:30,130,64,66,0,0,0
2026-08-13 07:45,161,88,73,0,0,0
2026-08-13 08:00,117,65,52,0,0,0
2026-08-13 08:15,129,76,53,0,0,0
2026-08-13 08:30,124,77,47,0,0,0
2026-08-13 08:45,161,93,68,0,0,0
2026-08-13 09:00,136,80,56,0,0,0
2026-08-13 09:15,108,68,40,0,0,0
2026-08-13 09:30,165,92,73,0,0,0
2026-08-13 09:45,160,99,61,0,0,0
2026-08-13 10:00,118,65,53,0,0,0
2026-08-13 10:15,124,76,48,0,0,0
2026-08-13 10:30,115,67,48,0,0,0
2026-08-13 10:45,124,63,61,0,0,0
2026-08-13 11:00,77,49,28,0,0,0
2026-08-13 11:15,115,63,52,0,0,0
2026-08-13 11:30,107,53,54,0,0,0
2026-08-13 11:45,118,64,54,0,0,0
2026-08-13 12:00,126,71,55,0,0,0
2026-08-13 12:15,135,69,66,0,0,0
2026-08-13 12:30,136,69,67,0,0,0
2026-08-13 12:45,148,78,70,0,0,0
2026-08-13 13:00,134,60,74,0,0,0
2026-08-13 13:15,135,55,80,0,0,0
2026-08-13 13:30,125,63,62,0,0,0
2026-08-13 13:45,121,64,57,0,0,0
2026-08-13 14:00,105,53,52,0,0,0
2026-08-13 14:15,127,48,79,0,0,0
2026-08-13 14:30,121,58,63,0,0,0
2026-08-13 14:45,138,62,76,0,0,0
2026-08-13 15:00,147,68,79,0,0,0
2026-08-13 15:15,159,70,89,0,0,0
2026-08-13 15:30,133,66,67,0,0,0
2026-08-13 15:45,164,71,93,0,0,0
2026-08-13 16:00,147,76,71,0,0,0
2026-08-13 16:15,183,80,103,0,0,0
2026-08-13 16:30,199,91,108,0,0,0
2026-08-13 16:45,201,95,106,0,0,0
2026-08-13 17:00,203,107,96,0,0,0
2026-08-13 17:15,201,100,101,0,0,0
2026-08-13 17:30,171,63,108,0,0,0
2026-08-13 17:45,201,91,110,0,0,0
2026-08-13 18:00,178,84,94,0,0,0
2026-08-13 18:15,170,71,99,0,0,0
2026-08-13 18:30,153,61,92,0,0,0
2026-08-13 18:45,180,96,84,0,0,0
2026-08-13 19:00,159,78,81,0,0,0
2026-08-13 19:15,155,80,75,0,0,0
2026-08-13 19:30,140,75,65,0,0,0
2026-08-13 19:45,202,116,86,0,0,0
2026-08-13 20:00,164,93,71,0,0,0
2026-08-13 20:15,121,58,63,0,0,0
2026-08-13 20:30,85,44,41,0,0,0
2026-08-13 20:45,94,50,44,0,0,0
2026-08-13 21:00,86,44,42,0,0,0
2026-08-13 21:15,93,40,53,0,0,0
2026-08-13 21:30,84,39,45,0,0,0
2026-08-13 21:45,98,40,58,0,0,0
2026-08-13 22:00,65,27,38,0,0,0
2026-08-13 22:15,86,28,58,0,0,0
2026-08-13 22:30,54,15,39,0,0,0
2026-08-13 22:45,45,14,31,0,0,0
2026-08-13 23:00,36,9,27,0,0,0
2026-08-13 23:15,57,14,43,0,0,0
2026-08-13 23:30,36,7,29,0,0,0
2026-08-13 23:45,34,8,26,0,0,0
2026-08-14 00:00,81,21,60,0,0,0
2026-08-14 00:15,40,17,23,0,0,0
2026-08-14 00:30,16,6,10,0,0,0
2026-08-14 00:45,18,3,15,0,0,0
2026-08-14 01:00,19,7,12,0,0,0
2026-08-14 01:15,13,2,11,0,0,0
2026-08-14 01:30,8,2,6,0,0,0
2026-08-14 01:45,6,4,2,0,0,0
2026-08-14 02:00,6,3,3,0,0,0
2026-08-14 02:15,4,0,4,0,0,0
2026-08-14 02:30,1,0,1,0,0,0
2026-08-14 02:45,8,3,5,0,0,0
2026-08-14 03:00,7,1,6,0,0,0
2026-08-14 03:15,4,1,3,0,0,0
2026-08-14 03:30,6,1,5,0,0,0
2026-08-14 03:45,2,1,1,0,0,0
2026-08-14 04:00,3,0,3,0,0,0
2026-08-14 04:15,5,4,1,0,0,0
2026-08-14 04:30,3,3,0,0,0,0
2026-08-14 04:45,3,2,1,0,0,0
2026-08-14 05:00,4,4,0,0,0,0
2026-08-14 05:15,12,8,4,0,0,0
2026-08-14 05:30,20,14,6,0,0,0
2026-08-14 05:45,27,16,11,0,0,0
2026-08-14 06:00,23,20,3,0,0,0
2026-08-14 06:15,32,25,7,0,0,0
2026-08-14 06:30,41,26,15,0,0,0
2026-08-14 06:45,50,24,26,0,0,0
2026-08-14 07:00,65,40,25,0,0,0
2026-08-14 07:15,72,43,29,0,0,0
2026-08-14 07:30,107,67,40,0,0,0
2026-08-14 07:45,134,78,56,0,0,0
2026-08-14 08:00,106,62,44,0,0,0
2026-08-14 08:15,112,52,60,0,0,0
2026-08-14 08:30,103,55,48,0,0,0
2026-08-14 08:45,152,80,72,0,0,0
2026-08-14 09:00,118,62,56,0,0,0
2026-08-14 09:15,87,56,31,0,0,0
2026-08-14 09:30,104,55,49,0,0,0
2026-08-14 09:45,143,79,64,0,0,0
2026-08-14 10:00,100,64,36,0,0,0
2026-08-14 10:15,130,80,50,0,0,0
2026-08-14 10:30,97,61,36,0,0,0
2026-08-14 10:45,132,76,56,0,0,0
2026-08-14 11:00,104,55,49,0,0,0
2026-08-14 11:15,105,40,65,0,0,0
2026-08-14 11:30,111,63,48,0,0,0
2026-08-14 11:45,120,68,52,0,0,0
2026-08-14 12:00,101,56,45,0,0,0
2026-08-14 12:15,126,67,59,0,0,0
2026-08-14 12:30,115,51,64,0,0,0
2026-08-14 12:45,125,58,67,0,0,0
2026-08-14 13:00,117,62,55,0,0,0
2026-08-14 13:15,144,73,71,0,0,0
2026-08-14 13:30,98,48,50,0,0,0
2026-08-14 13:45,120,59,61,0,0,0
2026-08-14 14:00,118,58,60,0,0,0
2026-08-14 14:15,148,68,80,0,0,0
2026-08-14 14:30,143,83,60,0,0,0
2026-08-14 14:45,141,69,72,0,0,0
2026-08-14 15:00,118,55,63,0,0,0
2026-08-14 15:15,123,55,68,0,0,0
2026-08-14 15:30,129,66,63,0,0,0
2026-08-14 15:45,134,79,55,0,0,0
2026-08-14 16:00,143,73,70,0,0,0
2026-08-14 16:15,160,79,81,0,0,0
2026-08-14 16:30,131,65,66,0,0,0
2026-08-14 16:45,142,62,80,0,0,0
2026-08-14 17:00,127,60,67,0,0,0
2026-08-14 17:15,143,82,61,0,0,0
2026-08-14 17:30,137,68,69,0,0,0
2026-08-14 17:45,115,62,53,0,0,0
2026-08-14 18:00,143,72,71,0,0,0
2026-08-14 18:15,135,73,62,0,0,0
2026-08-14 18:30,166,80,86,0,0,0
2026-08-14 18:45,160,83,77,0,0,0
2026-08-14 19:00,153,79,74,0,0,0
2026-08-14 19:15,160,87,73,0,0,0
2026-08-14 19:30,133,76,57,0,0,0
2026-08-14 19:45,156,110,46,0,0,0
2026-08-14 20:00,153,102,51,0,0,0
2026-08-14 20:15,158,96,62,0,0,0
2026-08-14 20:30,100,73,27,0,0,0
2026-08-14 20:45,89,35,54,0,0,0
2026-08-14 21:00,94,40,54,0,0,0
2026-08-14 21:15,95,46,49,0,0,0
2026-08-14 21:30,85,43,42,0,0,0
2026-08-14 21:45,84,31,53,0,0,0
2026-08-14 22:00,82,36,46,0,0,0
2026-08-14 22:15,60,24,36,0,0,0
2026-08-14 22:30,67,30,37,0,0,0
2026-08-14 22:45,95,25,70,0,0,0
2026-08-14 23:00,55,19,36,0,0,0
2026-08-14 23:15,49,22,27,0,0,0
2026-08-14 23:30,48,20,28,0,0,0
2026-08-14 23:45,148,32,116,0,0,0
2026-08-15 00:00,112,17,95,0,0,0
2026-08-15 00:15,44,15,29,0,0,0
2026-08-15 00:30,26,5,21,0,0,0
2026-08-15 00:45,46,15,31,0,0,0
2026-08-15 01:00,50,18,32,0,0,0
2026-08-15 01:15,38,8,30,0,0,0
2026-08-15 01:30,28,11,17,0,0,0
2026-08-15 01:45,29,8,21,0,0,0
2026-08-15 02:00,16,4,12,0,0,0
2026-08-15 02:15,21,7,14,0,0,0
2026-08-15 02:30,7,1,6,0,0,0
2026-08-15 02:45,20,1,19,0,0,0
2026-08-15 03:00,11,1,10,0,0,0
2026-08-15 03:15,18,4,14,0,0,0
2026-08-15 03:30,21,4,17,0,0,0
2026-08-15 03:45,23,2,21,0,0,0
2026-08-15 04:00,9,0,9,0,0,0
2026-08-15 04:15,8,2,6,0,0,0
2026-08-15 04:30,10,4,6,0,0,0
2026-08-15 04:45,6,2,4,0,0,0
2026-08-15 05:00,7,3,4,0,0,0
2026-08-15 05:15,11,6,5,0,0,0
2026-08-15 05:30,19,12,7,0,0,0
2026-08-15 05:45,16,10,6,0,0,0
2026-08-15 06:00,12,8,4,0,0,0
2026-08-15 06:15,9,5,4,0,0,0
2026-08-15 06:30,27,18,9,0,0,0
2026-08-15 06:45,23,15,8,0,0,0
2026-08-15 07:00,26,21,5,0,0,0
2026-08-15 07:15,23,19,4,0,0,0
2026-08-15 07:30,41,26,15,0,0,0
2026-08-15 07:45,53,35,18,0,0,0
2026-08-15 08:00,56,50,6,0,0,0
2026-08-15 08:15,57,42,15,0,0,0
2026-08-15 08:30,79,59,20,0,0,0
2026-08-15 08:45,74,58,16,0,0,0
2026-08-15 09:00,112,90,22,0,0,0
2026-08-15 09:15,118,77,41,0,0,0
2026-08-15 09:30,126,102,24,0,0,0
2026-08-15 09:45,116,93,23,0,0,0
2026-08-15 10:00,124,71,53,0,0,0
2026-08-15 10:15,122,84,38,0,0,0
2026-08-15 10:30,150,89,61,0,0,0
2026-08-15 10:45,179,104,75,0,0,0
2026-08-15 11:00,165,105,60,0,0,0
2026-08-15 11:15,138,85,53,0,0,0
2026-08-15 11:30,114,79,35,0,0,0
2026-08-15 11:45,140,82,58,0,0,0
2026-08-15 12:00,158,98,60,0,0,0
2026-08-15 12:15,199,127,72,0,0,0
2026-08-15 12:30,203,125,78,0,0,0
2026-08-15 12:45,245,162,83,0,0,0
2026-08-15 13:00,180,128,52,0,0,0
2026-08-15 13:15,182,127,55,0,0,0
2026-08-15 13:30,153,78,75,0,0,0
2026-08-15 13:45,137,72,65,0,0,0
2026-08-15 14:00,142,69,73,0,0,0
2026-08-15 14:15,139,59,80,0,0,0
2026-08-15 14:30,143,59,84,0,0,0
2026-08-15 14:45,172,67,105,0,0,0
2026-08-15 15:00,148,60,88,0,0,0
2026-08-15 15:15,106,36,70,0,0,0
2026-08-15 15:30,131,49,82,0,0,0
2026-08-15 15:45,109,54,55,0,0,0
2026-08-15 16:00,146,44,102,0,0,0
2026-08-15 16:15,156,53,103,0,0,0
2026-08-15 16:30,133,41,92,0,0,0
2026-08-15 16:45,130,58,72,0,0,0
2026-08-15 17:00,108,39,69,0,0,0
2026-08-15 17:15,115,57,58,0,0,0
2026-08-15 17:30,109,61,48,0,0,0
2026-08-15 17:45,93,27,66,0,0,0
2026-08-15 18:00,83,27,56,0,0,0
2026-08-15 18:15,87,27,60,0,0,0
2026-08-15 18:30,71,19,52,0,0,0
2026-08-15 18:45,86,35,51,0,0,0
2026-08-15 19:00,86,30,56,0,0,0
2026-08-15 19:15,90,37,53,0,0,0
2026-08-15 19:30,64,28,36,0,0,0
2026-08-15 19:45,77,32,45,0,0,0
2026-08-15 20:00,74,42,32,0,0,0
2026-08-15 20:15,82,28,54,0,0,0
2026-08-15 20:30,66,29,37,0,0,0
2026-08-15 20:45,55,37,18,0,0,0
2026-08-15 21:00,55,23,32,0,0,0
2026-08-15 21:15,53,21,32,0,0,0
2026-08-15 21:30,49,26,23,0,0,0
2026-08-15 21:45,49,24,25,0,0,0
2026-08-15 22:00,58,17,41,0,0,0
2026-08-15 22:15,50,18,32,0,0,0
2026-08-15 22:30,36,9,27,0,0,0
2026-08-15 22:45,39,15,24,0,0,0
2026-08-15 23:00,45,17,28,0,0,0
2026-08-15 23:15,37,13,24,0,0,0
2026-08-15 23:30,41,9,32,0,0,0
2026-08-15 23:45,40,14,26,0,0,0
2026-08-16 00:00,56,21,35,0,0,0
2026-08-16 00:15,33,8,25,0,0,0
2026-08-16 00:30,44,18,26,0,0,0
2026-08-16 00:45,40,9,31,0,0,0
2026-08-16 01:00,23,6,17,0,0,0
2026-08-16 01:15,19,12,7,0,0,0
2026-08-16 01:30,28,2,26,0,0,0
2026-08-16 01:45,19,5,14,0,0,0
2026-08-16 02:00,18,4,14,0,0,0
2026-08-16 02:15,22,2,20,0,0,0
2026-08-16 02:30,14,1,13,0,0,0
2026-08-16 02:45,19,2,17,0,0,0
2026-08-16 03:00,24,3,21,0,0,0
2026-08-16 03:15,25,6,19,0,0,0
2026-08-16 03:30,27,2,25,0,0,0
2026-08-16 03:45,19,2,17,0,0,0
2026-08-16 04:00,13,2,11,0,0,0
2026-08-16 04:15,14,1,13,0,0,0
2026-08-16 04:30,9,0,9,0,0,0
2026-08-16 04:45,12,1,11,0,0,0
2026-08-16 05:00,12,1,11,0,0,0
2026-08-16 05:15,10,2,8,0,0,0
2026-08-16 05:30,7,5,2,0,0,0
2026-08-16 05:45,4,1,3,0,0,0
2026-08-16 06:00,6,4,2,0,0,0
2026-08-16 06:15,9,3,6,0,0,0
2026-08-16 06:30,15,8,7,0,0,0
2026-08-16 06:45,7,2,5,0,0,0
2026-08-16 07:00,7,4,3,0,0,0
2026-08-16 07:15,5,2,3,0,0,0
2026-08-16 07:30,16,7,9,0,0,0
2026-08-16 07:45,12,7,5,0,0,0
2026-08-16 08:00,14,5,9,0,0,0
2026-08-16 08:15,14,10,4,0,0,0
2026-08-16 08:30,19,14,5,0,0,0
2026-08-16 08:45,31,10,21,0,0,0
2026-08-16 09:00,26,14,12,0,0,0
2026-08-16 09:15,46,20,26,0,0,0
2026-08-16 09:30,52,33,19,0,0,0
2026-08-16 09:45,76,39,37,0,0,0
2026-08-16 10:00,66,40,26,0,0,0
2026-08-16 10:15,41,19,22,0,0,0
2026-08-16 10:30,59,31,28,0,0,0
2026-08-16 10:45,82,54,28,0,0,0
2026-08-16 11:00,64,32,32,0,0,0
2026-08-16 11:15,76,49,27,0,0,0
2026-08-16 11:30,71,38,33,0,0,0
2026-08-16 11:45,81,43,38,0,0,0
2026-08-16 12:00,72,37,35,0,0,0
2026-08-16 12:15,76,45,31,0,0,0
2026-08-16 12:30,68,30,38,0,0,0
2026-08-16 12:45,94,53,41,0,0,0
2026-08-16 13:00,92,35,57,0,0,0
2026-08-16 13:15,93,50,43,0,0,0
2026-08-16 13:30,81,36,45,0,0,0
2026-08-16 13:45,117,63,54,0,0,0
2026-08-16 14:00,110,59,51,0,0,0
2026-08-16 14:15,113,67,46,0,0,0
2026-08-16 14:30,105,48,57,0,0,0
2026-08-16 14:45,128,59,69,0,0,0
2026-08-16 15:00,100,48,52,0,0,0
2026-08-16 15:15,96,55,41,0,0,0
2026-08-16 15:30,116,64,52,0,0,0
2026-08-16 15:45,95,53,42,0,0,0
2026-08-16 16:00,108,46,62,0,0,0
2026-08-16 16:15,111,49,62,0,0,0
2026-08-16 16:30,91,46,45,0,0,0
2026-08-16 16:45,117,44,73,0,0,0
2026-08-16 17:00,93,42,51,0,0,0
2026-08-16 17:15,111,59,52,0,0,0
2026-08-16 17:30,111,50,61,0,0,0
2026-08-16 17:45,136,75,61,0,0,0
2026-08-16 18:00,90,47,43,0,0,0
2026-08-16 18:15,103,56,47,0,0,0
2026-08-16 18:30,102,46,56,0,0,0
2026-08-16 18:45,122,57,65,0,0,0
2026-08-16 19:00,93,49,44,0,0,0
2026-08-16 19:15,92,58,34,0,0,0
2026-08-16 19:30,60,28,32,0,0,0
2026-08-16 19:45,128,74,54,0,0,0
2026-08-16 20:00,95,47,48,0,0,0
2026-08-16 20:15,78,37,41,0,0,0
2026-08-16 20:30,64,34,30,0,0,0
2026-08-16 20:45,72,26,46,0,0,0
2026-08-16 21:00,61,30,31,0,0,0
2026-08-16 21:15,63,33,30,0,0,0
2026-08-16 21:30,48,11,37,0,0,0
2026-08-16 21:45,38,11,27,0,0,0
2026-08-16 22:00,46,9,37,0,0,0
2026-08-16 22:15,53,20,33,0,0,0
2026-08-16 22:30,22,7,15,0,0,0
2026-08-16 22:45,31,7,24,0,0,0
2026-08-16 23:00,48,9,39,0,0,0
2026-08-16 23:15,16,4,12,0,0,0
2026-08-16 23:30,16,7,9,0,0,0
2026-08-16 23:45,20,6,14,0,0,0
2026-08-17 00:00,12,8,4,0,0,0
2026-08-17 00:15,13,3,10,0,0,0
2026-08-17 00:30,9,2,7,0,0,0
2026-08-17 00:45,4,2,2,0,0,0
2026-08-17 01:00,8,1,7,0,0,0
2026-08-17 01:15,6,3,3,0,0,0
2026-08-17 01:30,0,0,0,0,0,0
2026-08-17 01:45,3,0,3,0,0,0
2026-08-17 02:00,6,1,5,0,0,0
2026-08-17 02:15,6,1,5,0,0,0
2026-08-17 02:30,1,0,1,0,0,0
2026-08-17 02:45,0,0,0,0,0,0
2026-08-17 03:00,2,2,0,0,0,0
2026-08-17 03:15,1,0,1,0,0,0
2026-08-17 03:30,1,1,0,0,0,0
2026-08-17 03:45,2,1,1,0,0,0
2026-08-17 04:00,2,0,2,0,0,0
2026-08-17 04:15,1,1,0,0,0,0
2026-08-17 04:30,5,2,3,0,0,0
2026-08-17 04:45,7,7,0,0,0,0
2026-08-17 05:00,9,8,1,0,0,0
2026-08-17 05:15,13,10,3,0,0,0
2026-08-17 05:30,17,13,4,0,0,0
2026-08-17 05:45,31,23,8,0,0,0
2026-08-17 06:00,24,19,5,0,0,0
2026-08-17 06:15,35,24,11,0,0,0
2026-08-17 06:30,58,37,21,0,0,0
2026-08-17 06:45,85,46,39,0,0,0
2026-08-17 07:00,69,39,30,0,0,0
2026-08-17 07:15,87,47,40,0,0,0
2026-08-17 07:30,108,59,49,0,0,0
2026-08-17 07:45,102,52,50,0,0,0
2026-08-17 08:00,106,56,50,0,0,0
2026-08-17 08:15,106,61,45,0,0,0
2026-08-17 08:30,81,46,35,0,0,0
2026-08-17 08:45,98,56,42,0,0,0
2026-08-17 09:00,77,38,39,0,0,0
2026-08-17 09:15,60,39,21,0,0,0
2026-08-17 09:30,82,47,35,0,0,0
2026-08-17 09:45,58,35,23,0,0,0
2026-08-17 10:00,51,28,23,0,0,0
2026-08-17 10:15,60,34,26,0,0,0
2026-08-17 10:30,86,43,43,0,0,0
2026-08-17 10:45,84,44,40,0,0,0
2026-08-17 11:00,54,26,28,0,0,0
2026-08-17 11:15,42,21,21,0,0,0
2026-08-17 11:30,44,22,22,0,0,0
2026-08-17 11:45,75,42,33,0,0,0
2026-08-17 12:00,55,33,22,0,0,0
2026-08-17 12:15,71,35,36,0,0,0
2026-08-17 12:30,81,41,40,0,0,0
2026-08-17 12:45,102,60,42,0,0,0
2026-08-17 13:00,82,44,38,0,0,0
2026-08-17 13:15,87,41,46,0,0,0
2026-08-17 13:30,95,45,50,0,0,0
2026-08-17 13:45,85,52,33,0,0,0
2026-08-17 14:00,80,43,37,0,0,0
2026-08-17 14:15,104,54,50,0,0,0
2026-08-17 14:30,85,40,45,0,0,0
2026-08-17 14:45,115,50,65,0,0,0
2026-08-17 15:00,125,58,67,0,0,0
2026-08-17 15:15,116,53,63,0,0,0
2026-08-17 15:30,115,56,59,0,0,0
2026-08-17 15:45,171,85,86,0,0,0
2026-08-17 16:00,155,70,85,0,0,0
2026-08-17 16:15,173,57,116,0,0,0
2026-08-17 16:30,172,79,93,0,0,0
2026-08-17 16:45,158,65,93,0,0,0
2026-08-17 17:00,164,61,103,0,0,0
2026-08-17 17:15,184,77,107,0,0,0
2026-08-17 17:30,178,67,111,0,0,0
2026-08-17 17:45,197,89,108,0,0,0
2026-08-17 18:00,161,76,85,0,0,0
2026-08-17 18:15,162,71,91,0,0,0
2026-08-17 18:30,137,54,83,0,0,0
2026-08-17 18:45,166,65,101,0,0,0
2026-08-17 19:00,135,65,70,0,0,0
2026-08-17 19:15,121,52,69,0,0,0
2026-08-17 19:30,117,54,63,0,0,0
2026-08-17 19:45,121,64,57,0,0,0
2026-08-17 20:00,114,58,56,0,0,0
2026-08-17 20:15,91,46,45,0,0,0
2026-08-17 20:30,78,31,47,0,0,0
2026-08-17 20:45,70,40,30,0,0,0
2026-08-17 21:00,61,30,31,0,0,0
2026-08-17 21:15,71,40,31,0,0,0
2026-08-17 21:30,69,24,45,0,0,0
2026-08-17 21:45,55,25,30,0,0,0
2026-08-17 22:00,52,23,29,0,0,0
2026-08-17 22:15,59,27,32,0,0,0
2026-08-17 22:30,35,12,23,0,0,0
2026-08-17 22:45,36,14,22,0,0,0
2026-08-17 23:00,34,11,23,0,0,0
2026-08-17 23:15,26,8,18,0,0,0
2026-08-17 23:30,77,12,65,0,0,0
2026-08-17 23:45,17,4,13,0,0,0
2026-08-18 00:00,12,3,9,0,0,0
2026-08-18 00:15,13,6,7,0,0,0
2026-08-18 00:30,7,2,5,0,0,0
2026-08-18 00:45,10,2,8,0,0,0
2026-08-18 01:00,9,2,7,0,0,0
2026-08-18 01:15,13,1,12,0,0,0
2026-08-18 01:30,8,3,5,0,0,0
2026-08-18 01:45,2,1,1,0,0,0
2026-08-18 02:00,2,0,2,0,0,0
2026-08-18 02:15,0,0,0,0,0,0
2026-08-18 02:30,4,0,4,0,0,0
2026-08-18 02:45,2,2,0,0,0,0
2026-08-18 03:00,1,0,1,0,0,0
2026-08-18 03:15,9,3,6,0,0,0
2026-08-18 03:30,1,0,1,0,0,0
2026-08-18 03:45,3,3,0,0,0,0
2026-08-18 04:00,3,1,2,0,0,0
2026-08-18 04:15,1,1,0,0,0,0
2026-08-18 04:30,3,0,3,0,0,0
2026-08-18 04:45,4,3,1,0,0,0
2026-08-18 05:00,6,6,0,0,0,0
2026-08-18 05:15,11,10,1,0,0,0
2026-08-18 05:30,17,10,7,0,0,0
2026-08-18 05:45,25,18,7,0,0,0
2026-08-18 06:00,24,19,5,0,0,0
2026-08-18 06:15,36,27,9,0,0,0
2026-08-18 06:30,61,33,28,0,0,0
2026-08-18 06:45,67,37,30,0,0,0
2026-08-18 07:00,64,41,23,0,0,0
2026-08-18 07:15,86,59,27,0,0,0
2026-08-18 07:30,101,56,45,0,0,0
2026-08-18 07:45,136,82,54,0,0,0
2026-08-18 08:00,110,66,44,0,0,0
2026-08-18 08:15,128,65,63,0,0,0
2026-08-18 08:30,97,60,37,0,0,0
2026-08-18 08:45,115,66,49,0,0,0
2026-08-18 09:00,73,38,35,0,0,0
2026-08-18 09:15,63,44,19,0,0,0
2026-08-18 09:30,70,43,27,0,0,0
2026-08-18 09:45,68,39,29,0,0,0
2026-08-18 10:00,54,22,32,0,0,0
2026-08-18 10:15,48,19,29,0,0,0
2026-08-18 10:30,50,21,29,0,0,0
2026-08-18 10:45,69,43,26,0,0,0
2026-08-18 11:00,58,27,31,0,0,0
2026-08-18 11:15,63,31,32,0,0,0
2026-08-18 11:30,63,37,26,0,0,0
2026-08-18 11:45,76,42,34,0,0,0
2026-08-18 12:00,59,30,29,0,0,0
2026-08-18 12:15,68,34,34,0,0,0
2026-08-18 12:30,74,32,42,0,0,0
2026-08-18 12:45,63,31,32,0,0,0
2026-08-18 13:00,49,24,25,0,0,0
2026-08-18 13:15,57,27,30,0,0,0
2026-08-18 13:30,67,28,39,0,0,0
2026-08-18 13:45,87,51,36,0,0,0
2026-08-18 14:00,82,40,42,0,0,0
2026-08-18 14:15,101,50,51,0,0,0
2026-08-18 14:30,75,40,35,0,0,0
2026-08-18 14:45,98,47,51,0,0,0
2026-08-18 15:00,90,43,47,0,0,0
2026-08-18 15:15,92,34,58,0,0,0
2026-08-18 15:30,127,72,55,0,0,0
2026-08-18 15:45,124,55,69,0,0,0
2026-08-18 16:00,137,55,82,0,0,0
2026-08-18 16:15,145,59,86,0,0,0
2026-08-18 16:30,154,67,87,0,0,0
2026-08-18 16:45,126,48,78,0,0,0
2026-08-18 17:00,157,67,90,0,0,0
2026-08-18 17:15,148,57,91,0,0,0
2026-08-18 17:30,152,72,80,0,0,0
2026-08-18 17:45,165,67,98,0,0,0
2026-08-18 18:00,164,50,114,0,0,0
2026-08-18 18:15,141,65,76,0,0,0
2026-08-18 18:30,128,50,78,0,0,0
2026-08-18 18:45,147,68,79,0,0,0
2026-08-18 19:00,137,71,66,0,0,0
2026-08-18 19:15,112,51,61,0,0,0
2026-08-18 19:30,96,48,48,0,0,0
2026-08-18 19:45,146,93,53,0,0,0
2026-08-18 20:00,97,65,32,0,0,0
2026-08-18 20:15,111,69,42,0,0,0
2026-08-18 20:30,80,34,46,0,0,0
2026-08-18 20:45,68,34,34,0,0,0
2026-08-18 21:00,73,39,34,0,0,0
2026-08-18 21:15,47,22,25,0,0,0
2026-08-18 21:30,63,32,31,0,0,0
2026-08-18 21:45,45,18,27,0,0,0
2026-08-18 22:00,38,17,21,0,0,0
2026-08-18 22:15,66,42,24,0,0,0
2026-08-18 22:30,45,16,29,0,0,0
2026-08-18 22:45,30,7,23,0,0,0
2026-08-18 23:00,25,9,16,0,0,0
2026-08-18 23:15,121,12,109,0,0,0
2026-08-18 23:30,45,8,37,0,0,0
2026-08-18 23:45,23,8,15,0,0,0
2026-08-19 00:00,28,9,19,0,0,0
2026-08-19 00:15,14,3,11,0,0,0
2026-08-19 00:30,10,5,5,0,0,0
2026-08-19 00:45,9,3,6,0,0,0
2026-08-19 01:00,11,3,8,0,0,0
2026-08-19 01:15,6,2,4,0,0,0
2026-08-19 01:30,8,2,6,0,0,0
2026-08-19 01:45,3,2,1,0,0,0
2026-08-19 02:00,2,0,2,0,0,0
2026-08-19 02:15,7,2,5,0,0,0
2026-08-19 02:30,2,0,2,0,0,0
2026-08-19 02:45,3,1,2,0,0,0
2026-08-19 03:00,1,0,1,0,0,0
2026-08-19 03:15,1,0,1,0,0,0
2026-08-19 03:30,1,0,1,0,0,0
2026-08-19 03:45,2,0,2,0,0,0
2026-08-19 04:00,2,0,2,0,0,0
2026-08-19 04:15,2,2,0,0,0,0
2026-08-19 04:30,4,2,2,0,0,0
2026-08-19 04:45,1,1,0,0,0,0
2026-08-19 05:00,8,8,0,0,0,0
2026-08-19 05:15,6,4,2,0,0,0
2026-08-19 05:30,16,12,4,0,0,0
2026-08-19 05:45,19,14,5,0,0,0
2026-08-19 06:00,19,13,6,0,0,0
2026-08-19 06:15,37,31,6,0,0,0
2026-08-19 06:30,52,34,18,0,0,0
2026-08-19 06:45,59,36,23,0,0,0
2026-08-19 07:00,60,33,27,0,0,0
2026-08-19 07:15,94,59,35,0,0,0
2026-08-19 07:30,113,76,37,0,0,0
2026-08-19 07:45,165,92,73,0,0,0
2026-08-19 08:00,114,58,56,0,0,0
2026-08-19 08:15,142,71,71,0,0,0
2026-08-19 08:30,125,65,60,0,0,0
2026-08-19 08:45,115,70,45,0,0,0
2026-08-19 09:00,92,52,40,0,0,0
2026-08-19 09:15,73,46,27,0,0,0
2026-08-19 09:30,68,42,26,0,0,0
2026-08-19 09:45,90,62,28,0,0,0
2026-08-19 10:00,63,36,27,0,0,0
2026-08-19 10:15,49,24,25,0,0,0
2026-08-19 10:30,58,33,25,0,0,0
2026-08-19 10:45,69,46,23,0,0,0
2026-08-19 11:00,61,32,29,0,0,0
2026-08-19 11:15,58,31,27,0,0,0
2026-08-19 11:30,61,36,25,0,0,0
2026-08-19 11:45,57,29,28,0,0,0
2026-08-19 12:00,58,31,27,0,0,0
2026-08-19 12:15,68,34,34,0,0,0
2026-08-19 12:30,66,44,22,0,0,0
2026-08-19 12:45,110,63,47,0,0,0
2026-08-19 13:00,94,48,46,0,0,0
2026-08-19 13:15,100,52,48,0,0,0
2026-08-19 13:30,110,70,40,0,0,0
2026-08-19 13:45,102,46,56,0,0,0
2026-08-19 14:00,114,49,65,0,0,0
2026-08-19 14:15,107,49,58,0,0,0
2026-08-19 14:30,86,34,52,0,0,0
2026-08-19 14:45,102,48,54,0,0,0
2026-08-19 15:00,116,58,58,0,0,0
2026-08-19 15:15,100,46,54,0,0,0
2026-08-19 15:30,114,54,60,0,0,0
2026-08-19 15:45,140,71,69,0,0,0
2026-08-19 16:00,130,49,81,0,0,0
2026-08-19 16:15,168,79,89,0,0,0
2026-08-19 16:30,144,71,73,0,0,0
2026-08-19 16:45,150,57,93,0,0,0
2026-08-19 17:00,159,78,81,0,0,0
2026-08-19 17:15,127,68,59,0,0,0
2026-08-19 17:30,140,52,88,0,0,0
2026-08-19 17:45,164,54,110,0,0,0
2026-08-19 18:00,139,63,76,0,0,0
2026-08-19 18:15,133,47,86,0,0,0
2026-08-19 18:30,100,36,64,0,0,0
2026-08-19 18:45,133,52,81,0,0,0
2026-08-19 19:00,81,34,47,0,0,0
2026-08-19 19:15,96,36,60,0,0,0
2026-08-19 19:30,88,42,46,0,0,0
2026-08-19 19:45,70,33,37,0,0,0
2026-08-19 20:00,93,33,60,0,0,0
2026-08-19 20:15,66,36,30,0,0,0
2026-08-19 20:30,78,33,45,0,0,0
2026-08-19 20:45,50,28,22,0,0,0
2026-08-19 21:00,53,29,24,0,0,0
2026-08-19 21:15,62,23,39,0,0,0
2026-08-19 21:30,55,26,29,0,0,0
2026-08-19 21:45,41,12,29,0,0,0
2026-08-19 22:00,45,24,21,0,0,0
2026-08-19 22:15,48,21,27,0,0,0
2026-08-19 22:30,44,20,24,0,0,0
2026-08-19 22:45,44,18,26,0,0,0
2026-08-19 23:00,45,10,35,0,0,0
2026-08-19 23:15,26,11,15,0,0,0
2026-08-19 23:30,31,17,14,0,0,0
2026-08-19 23:45,28,10,18,0,0,0
2026-08-20 00:00,14,4,10,0,0,0
2026-08-20 00:15,19,6,13,0,0,0
2026-08-20 00:30,15,1,14,0,0,0
2026-08-20 00:45,13,3,10,0,0,0
2026-08-20 01:00,12,7,5,0,0,0
2026-08-20 01:15,14,6,8,0,0,0
2026-08-20 01:30,11,1,10,0,0,0
2026-08-20 01:45,7,1,6,0,0,0
2026-08-20 02:00,9,4,5,0,0,0
2026-08-20 02:15,9,1,8,0,0,0
2026-08-20 02:30,7,1,6,0,0,0
2026-08-20 02:45,5,2,3,0,0,0
2026-08-20 03:00,11,1,10,0,0,0
2026-08-20 03:15,4,0,4,0,0,0
2026-08-20 03:30,6,0,6,0,0,0
2026-08-20 03:45,2,0,2,0,0,0
2026-08-20 04:00,2,0,2,0,0,0
2026-08-20 04:15,2,2,0,0,0,0
2026-08-20 04:30,5,1,4,0,0,0
2026-08-20 04:45,6,2,4,0,0,0
2026-08-20 05:00,5,5,0,0,0,0
2026-08-20 05:15,9,6,3,0,0,0
2026-08-20 05:30,14,11,3,0,0,0
2026-08-20 05:45,21,13,8,0,0,0
2026-08-20 06:00,13,9,4,0,0,0
2026-08-20 06:15,38,31,7,0,0,0
2026-08-20 06:30,51,28,23,0,0,0
2026-08-20 06:45,65,37,28,0,0,0
2026-08-20 07:00,69,39,30,0,0,0
2026-08-20 07:15,95,63,32,0,0,0
2026-08-20 07:30,103,60,43,0,0,0
2026-08-20 07:45,173,115,58,0,0,0
2026-08-20 08:00,120,63,57,0,0,0
2026-08-20 08:15,124,64,60,0,0,0
2026-08-20 08:30,114,63,51,0,0,0
2026-08-20 08:45,135,81,54,0,0,0
2026-08-20 09:00,108,61,47,0,0,0
2026-08-20 09:15,85,51,34,0,0,0
2026-08-20 09:30,114,68,46,0,0,0
2026-08-20 09:45,130,79,51,0,0,0
2026-08-20 10:00,99,66,33,0,0,0
2026-08-20 10:15,105,71,34,0,0,0
2026-08-20 10:30,81,52,29,0,0,0
2026-08-20 10:45,108,68,40,0,0,0
2026-08-20 11:00,94,55,39,0,0,0
2026-08-20 11:15,77,40,37,0,0,0
2026-08-20 11:30,77,45,32,0,0,0
2026-08-20 11:45,121,63,58,0,0,0
2026-08-20 12:00,100,57,43,0,0,0
2026-08-20 12:15,121,53,68,0,0,0
2026-08-20 12:30,124,54,70,0,0,0
2026-08-20 12:45,121,56,65,0,0,0
2026-08-20 13:00,116,56,60,0,0,0
2026-08-20 13:15,110,54,56,0,0,0
2026-08-20 13:30,121,66,55,0,0,0
2026-08-20 13:45,159,98,61,0,0,0
2026-08-20 14:00,127,70,57,0,0,0
2026-08-20 14:15,117,47,70,0,0,0
2026-08-20 14:30,123,57,66,0,0,0
2026-08-20 14:45,150,76,74,0,0,0
2026-08-20 15:00,132,63,69,0,0,0
2026-08-20 15:15,157,72,85,0,0,0
2026-08-20 15:30,176,90,86,0,0,0
2026-08-20 15:45,162,93,69,0,0,0
2026-08-20 16:00,158,72,86,0,0,0
2026-08-20 16:15,160,71,89,0,0,0
2026-08-20 16:30,182,75,107,0,0,0
2026-08-20 16:45,198,102,96,0,0,0
2026-08-20 17:00,196,86,110,0,0,0
2026-08-20 17:15,210,83,127,0,0,0
2026-08-20 17:30,212,99,113,0,0,0
2026-08-20 17:45,232,98,134,0,0,0
2026-08-20 18:00,194,85,109,0,0,0
2026-08-20 18:15,192,74,118,0,0,0
2026-08-20 18:30,130,63,67,0,0,0
2026-08-20 18:45,151,81,70,0,0,0
2026-08-20 19:00,140,70,70,0,0,0
2026-08-20 19:15,129,60,69,0,0,0
2026-08-20 19:30,158,97,61,0,0,0
2026-08-20 19:45,137,75,62,0,0,0
2026-08-20 20:00,131,72,59,0,0,0
2026-08-20 20:15,97,48,49,0,0,0
2026-08-20 20:30,74,35,39,0,0,0
2026-08-20 20:45,74,35,39,0,0,0
2026-08-20 21:00,59,29,30,0,0,0
2026-08-20 21:15,50,25,25,0,0,0
2026-08-20 21:30,58,26,32,0,0,0
2026-08-20 21:45,80,31,49,0,0,0
2026-08-20 22:00,73,26,47,0,0,0
2026-08-20 22:15,60,26,34,0,0,0
2026-08-20 22:30,52,15,37,0,0,0
2026-08-20 22:45,52,17,35,0,0,0
2026-08-20 23:00,28,8,20,0,0,0
2026-08-20 23:15,42,11,31,0,0,0
2026-08-20 23:30,29,5,24,0,0,0
2026-08-20 23:45,73,12,61,0,0,0
2026-08-21 00:00,29,12,17,0,0,0
2026-08-21 00:15,14,3,11,0,0,0
2026-08-21 00:30,22,14,8,0,0,0
2026-08-21 00:45,10,3,7,0,0,0
2026-08-21 01:00,10,2,8,0,0,0
2026-08-21 01:15,14,5,9,0,0,0
2026-08-21 01:30,7,2,5,0,0,0
2026-08-21 01:45,3,2,1,0,0,0
2026-08-21 02:00,6,0,6,0,0,0
2026-08-21 02:15,3,0,3,0,0,0
2026-08-21 02:30,3,2,1,0,0,0
2026-08-21 02:45,1,1,0,0,0,0
2026-08-21 03:00,6,1,5,0,0,0
2026-08-21 03:15,5,1,4,0,0,0
2026-08-21 03:30,1,0,1,0,0,0
2026-08-21 03:45,0,0,0,0,0,0
2026-08-21 04:00,1,0,1,0,0,0
2026-08-21 04:15,0,0,0,0,0,0
2026-08-21 04:30,2,2,0,0,0,0
2026-08-21 04:45,5,4,1,0,0,0
2026-08-21 05:00,7,5,2,0,0,0
2026-08-21 05:15,6,6,0,0,0,0
2026-08-21 05:30,16,10,6,0,0,0
2026-08-21 05:45,26,16,10,0,0,0
2026-08-21 06:00,15,10,5,0,0,0
2026-08-21 06:15,31,23,8,0,0,0
2026-08-21 06:30,47,30,17,0,0,0
2026-08-21 06:45,64,33,31,0,0,0
2026-08-21 07:00,64,36,28,0,0,0
2026-08-21 07:15,83,42,41,0,0,0
2026-08-21 07:30,90,47,43,0,0,0
2026-08-21 07:45,132,81,51,0,0,0
2026-08-21 08:00,115,61,54,0,0,0
2026-08-21 08:15,117,60,57,0,0,0
2026-08-21 08:30,77,46,31,0,0,0
2026-08-21 08:45,122,60,62,0,0,0
2026-08-21 09:00,96,63,33,0,0,0
2026-08-21 09:15,102,51,51,0,0,0
2026-08-21 09:30,84,48,36,0,0,0
2026-08-21 09:45,119,62,57,0,0,0
2026-08-21 10:00,84,44,40,0,0,0
2026-08-21 10:15,91,47,44,0,0,0
2026-08-21 10:30,85,43,42,0,0,0
2026-08-21 10:45,100,53,47,0,0,0
2026-08-21 11:00,99,57,42,0,0,0
2026-08-21 11:15,91,52,39,0,0,0
2026-08-21 11:30,112,54,58,0,0,0
2026-08-21 11:45,96,50,46,0,0,0
2026-08-21 12:00,92,44,48,0,0,0
2026-08-21 12:15,111,58,53,0,0,0
2026-08-21 12:30,127,59,68,0,0,0
2026-08-21 12:45,116,56,60,0,0,0
2026-08-21 13:00,127,55,72,0,0,0
2026-08-21 13:15,113,60,53,0,0,0
2026-08-21 13:30,129,58,71,0,0,0
2026-08-21 13:45,143,71,72,0,0,0
2026-08-21 14:00,118,55,63,0,0,0
2026-08-21 14:15,124,78,46,0,0,0
2026-08-21 14:30,130,66,64,0,0,0
2026-08-21 14:45,173,90,83,0,0,0
2026-08-21 15:00,141,63,78,0,0,0
2026-08-21 15:15,176,88,88,0,0,0
2026-08-21 15:30,155,88,67,0,0,0
2026-08-21 15:45,181,112,69,0,0,0
2026-08-21 16:00,162,93,69,0,0,0
2026-08-21 16:15,177,102,75,0,0,0
2026-08-21 16:30,184,102,82,0,0,0
2026-08-21 16:45,195,111,84,0,0,0
2026-08-21 17:00,179,88,91,0,0,0
2026-08-21 17:15,145,74,71,0,0,0
2026-08-21 17:30,149,65,84,0,0,0
2026-08-21 17:45,122,57,65,0,0,0
2026-08-21 18:00,137,65,72,0,0,0
2026-08-21 18:15,152,79,73,0,0,0
2026-08-21 18:30,133,54,79,0,0,0
2026-08-21 18:45,141,91,50,0,0,0
2026-08-21 19:00,132,72,60,0,0,0
2026-08-21 19:15,115,50,65,0,0,0
2026-08-21 19:30,115,66,49,0,0,0
2026-08-21 19:45,92,50,42,0,0,0
2026-08-21 20:00,111,63,48,0,0,0
2026-08-21 20:15,114,50,64,0,0,0
2026-08-21 20:30,128,37,91,0,0,0
2026-08-21 20:45,112,45,67,0,0,0
2026-08-21 21:00,69,37,32,0,0,0
2026-08-21 21:15,69,24,45,0,0,0
2026-08-21 21:30,71,26,45,0,0,0
2026-08-21 21:45,43,18,25,0,0,0
2026-08-21 22:00,98,46,52,0,0,0
2026-08-21 22:15,76,24,52,0,0,0
2026-08-21 22:30,49,18,31,0,0,0
2026-08-21 22:45,49,11,38,0,0,0
2026-08-21 23:00,70,20,50,0,0,0
2026-08-21 23:15,55,15,40,0,0,0
2026-08-21 23:30,32,9,23,0,0,0
2026-08-21 23:45,47,12,35,0,0,0
2026-08-22 00:00,41,13,28,0,0,0
2026-08-22 00:15,49,10,39,0,0,0
2026-08-22 00:30,49,10,39,0,0,0
2026-08-22 00:45,42,6,36,0,0,0
2026-08-22 01:00,30,5,25,0,0,0
2026-08-22 01:15,28,10,18,0,0,0
2026-08-22 01:30,34,8,26,0,0,0
2026-08-22 01:45,22,1,21,0,0,0
2026-08-22 02:00,25,4,21,0,0,0
2026-08-22 02:15,25,0,25,0,0,0
2026-08-22 02:30,10,2,8,0,0,0
2026-08-22 02:45,20,1,19,0,0,0
2026-08-22 03:00,20,4,16,0,0,0
2026-08-22 03:15,13,2,11,0,0,0
2026-08-22 03:30,23,4,19,0,0,0
2026-08-22 03:45,15,3,12,0,0,0
2026-08-22 04:00,17,3,14,0,0,0
2026-08-22 04:15,14,5,9,0,0,0
2026-08-22 04:30,6,2,4,0,0,0
2026-08-22 04:45,3,2,1,0,0,0
2026-08-22 05:00,7,2,5,0,0,0
2026-08-22 05:15,7,4,3,0,0,0
2026-08-22 05:30,8,6,2,0,0,0
2026-08-22 05:45,4,2,2,0,0,0
2026-08-22 06:00,4,2,2,0,0,0
2026-08-22 06:15,10,3,7,0,0,0
2026-08-22 06:30,11,4,7,0,0,0
2026-08-22 06:45,14,8,6,0,0,0
2026-08-22 07:00,6,3,3,0,0,0
2026-08-22 07:15,16,10,6,0,0,0
2026-08-22 07:30,19,17,2,0,0,0
2026-08-22 07:45,36,22,14,0,0,0
2026-08-22 08:00,30,17,13,0,0,0
2026-08-22 08:15,33,22,11,0,0,0
2026-08-22 08:30,37,25,12,0,0,0
2026-08-22 08:45,50,29,21,0,0,0
2026-08-22 09:00,68,53,15,0,0,0
2026-08-22 09:15,61,36,25,0,0,0
2026-08-22 09:30,81,60,21,0,0,0
2026-08-22 09:45,103,73,30,0,0,0
2026-08-22 10:00,83,50,33,0,0,0
2026-08-22 10:15,119,75,44,0,0,0
2026-08-22 10:30,119,75,44,0,0,0
2026-08-22 10:45,147,83,64,0,0,0
2026-08-22 11:00,118,67,51,0,0,0
2026-08-22 11:15,125,72,53,0,0,0
2026-08-22 11:30,122,54,68,0,0,0
2026-08-22 11:45,161,95,66,0,0,0
2026-08-22 12:00,141,84,57,0,0,0
2026-08-22 12:15,121,66,55,0,0,0
2026-08-22 12:30,140,80,60,0,0,0
2026-08-22 12:45,164,88,76,0,0,0
2026-08-22 13:00,125,63,62,0,0,0
2026-08-22 13:15,135,65,70,0,0,0
2026-08-22 13:30,130,60,70,0,0,0
2026-08-22 13:45,131,61,70,0,0,0
2026-08-22 14:00,131,65,66,0,0,0
2026-08-22 14:15,109,47,62,0,0,0
2026-08-22 14:30,125,53,72,0,0,0
2026-08-22 14:45,145,59,86,0,0,0
2026-08-22 15:00,140,63,77,0,0,0
2026-08-22 15:15,98,58,40,0,0,0
2026-08-22 15:30,122,64,58,0,0,0
2026-08-22 15:45,134,72,62,0,0,0
2026-08-22 16:00,110,63,47,0,0,0
2026-08-22 16:15,131,68,63,0,0,0
2026-08-22 16:30,110,53,57,0,0,0
2026-08-22 16:45,123,60,63,0,0,0
2026-08-22 17:00,127,54,73,0,0,0
2026-08-22 17:15,127,53,74,0,0,0
2026-08-22 17:30,93,40,53,0,0,0
2026-08-22 17:45,115,51,64,0,0,0
2026-08-22 18:00,134,61,73,0,0,0
2026-08-22 18:15,101,45,56,0,0,0
2026-08-22 18:30,100,44,56,0,0,0
2026-08-22 18:45,117,51,66,0,0,0
2026-08-22 19:00,99,30,69,0,0,0
2026-08-22 19:15,116,50,66,0,0,0
2026-08-22 19:30,103,56,47,0,0,0
2026-08-22 19:45,101,55,46,0,0,0
2026-08-22 20:00,97,41,56,0,0,0
2026-08-22 20:15,99,49,50,0,0,0
2026-08-22 20:30,67,30,37,0,0,0
2026-08-22 20:45,77,36,41,0,0,0
2026-08-22 21:00,97,39,58,0,0,0
2026-08-22 21:15,51,21,30,0,0,0
2026-08-22 21:30,46,20,26,0,0,0
2026-08-22 21:45,45,19,26,0,0,0
2026-08-22 22:00,45,14,31,0,0,0
2026-08-22 22:15,68,32,36,0,0,0
2026-08-22 22:30,42,17,25,0,0,0
2026-08-22 22:45,52,11,41,0,0,0
2026-08-22 23:00,49,18,31,0,0,0
2026-08-22 23:15,46,11,35,0,0,0
2026-08-22 23:30,38,12,26,0,0,0
2026-08-22 23:45,43,17,26,0,0,0
2026-08-23 00:00,43,17,26,0,0,0
2026-08-23 00:15,49,12,37,0,0,0
2026-08-23 00:30,32,8,24,0,0,0
2026-08-23 00:45,27,1,26,0,0,0
2026-08-23 01:00,35,13,22,0,0,0
2026-08-23 01:15,26,3,23,0,0,0
2026-08-23 01:30,27,4,23,0,0,0
2026-08-23 01:45,23,2,21,0,0,0
2026-08-23 02:00,12,8,4,0,0,0
2026-08-23 02:15,18,2,16,0,0,0
2026-08-23 02:30,7,3,4,0,0,0
2026-08-23 02:45,19,5,14,0,0,0
2026-08-23 03:00,28,10,18,0,0,0
2026-08-23 03:15,19,1,18,0,0,0
2026-08-23 03:30,18,5,13,0,0,0
2026-08-23 03:45,5,0,5,0,0,0
2026-08-23 04:00,11,0,11,0,0,0
2026-08-23 04:15,5,1,4,0,0,0
2026-08-23 04:30,6,4,2,0,0,0
2026-08-23 04:45,9,1,8,0,0,0
2026-08-23 05:00,9,1,8,0,0,0
2026-08-23 05:15,4,2,2,0,0,0
2026-08-23 05:30,13,7,6,0,0,0
2026-08-23 05:45,4,2,2,0,0,0
2026-08-23 06:00,8,4,4,0,0,0
2026-08-23 06:15,6,2,4,0,0,0
2026-08-23 06:30,10,2,8,0,0,0
2026-08-23 06:45,6,3,3,0,0,0
2026-08-23 07:00,3,1,2,0,0,0
2026-08-23 07:15,6,5,1,0,0,0
2026-08-23 07:30,5,4,1,0,0,0
2026-08-23 07:45,9,3,6,0,0,0
2026-08-23 08:00,17,6,11,0,0,0
2026-08-23 08:15,14,6,8,0,0,0
2026-08-23 08:30,21,12,9,0,0,0
2026-08-23 08:45,23,10,13,0,0,0
2026-08-23 09:00,15,9,6,0,0,0
2026-08-23 09:15,27,10,17,0,0,0
2026-08-23 09:30,52,25,27,0,0,0
2026-08-23 09:45,43,25,18,0,0,0
2026-08-23 10:00,38,21,17,0,0,0
2026-08-23 10:15,54,40,14,0,0,0
2026-08-23 10:30,66,40,26,0,0,0
2026-08-23 10:45,98,54,44,0,0,0
2026-08-23 11:00,75,41,34,0,0,0
2026-08-23 11:15,73,40,33,0,0,0
2026-08-23 11:30,111,52,59,0,0,0
2026-08-23 11:45,97,38,59,0,0,0
2026-08-23 12:00,91,52,39,0,0,0
2026-08-23 12:15,62,36,26,0,0,0
2026-08-23 12:30,80,44,36,0,0,0
2026-08-23 12:45,85,40,45,0,0,0
2026-08-23 13:00,105,62,43,0,0,0
2026-08-23 13:15,97,53,44,0,0,0
2026-08-23 13:30,89,46,43,0,0,0
2026-08-23 13:45,128,65,63,0,0,0
2026-08-23 14:00,104,47,57,0,0,0
2026-08-23 14:15,105,54,51,0,0,0
2026-08-23 14:30,112,66,46,0,0,0
2026-08-23 14:45,117,66,51,0,0,0
2026-08-23 15:00,97,52,45,0,0,0
2026-08-23 15:15,98,41,57,0,0,0
2026-08-23 15:30,72,36,36,0,0,0
2026-08-23 15:45,90,48,42,0,0,0
2026-08-23 16:00,121,63,58,0,0,0
2026-08-23 16:15,105,53,52,0,0,0
2026-08-23 16:30,87,40,47,0,0,0
2026-08-23 16:45,107,46,61,0,0,0
2026-08-23 17:00,116,59,57,0,0,0
2026-08-23 17:15,101,40,61,0,0,0
2026-08-23 17:30,112,57,55,0,0,0
2026-08-23 17:45,139,46,93,0,0,0
2026-08-23 18:00,107,43,64,0,0,0
2026-08-23 18:15,93,49,44,0,0,0
2026-08-23 18:30,94,42,52,0,0,0
2026-08-23 18:45,94,47,47,0,0,0
2026-08-23 19:00,83,41,42,0,0,0
2026-08-23 19:15,54,36,18,0,0,0
2026-08-23 19:30,64,25,39,0,0,0
2026-08-23 19:45,81,37,44,0,0,0
2026-08-23 20:00,80,43,37,0,0,0
2026-08-23 20:15,72,32,40,0,0,0
2026-08-23 20:30,50,14,36,0,0,0
2026-08-23 20:45,70,31,39,0,0,0
2026-08-23 21:00,61,23,38,0,0,0
2026-08-23 21:15,56,17,39,0,0,0
2026-08-23 21:30,48,22,26,0,0,0
2026-08-23 21:45,35,13,22,0,0,0
2026-08-23 22:00,33,13,20,0,0,0
2026-08-23 22:15,36,4,32,0,0,0
2026-08-23 22:30,31,14,17,0,0,0
2026-08-23 22:45,32,10,22,0,0,0
2026-08-23 23:00,21,5,16,0,0,0
2026-08-23 23:15,30,9,21,0,0,0
2026-08-23 23:30,20,7,13,0,0,0
2026-08-23 23:45,6,2,4,0,0,0
2026-08-24 00:00,12,4,8,0,0,0
2026-08-24 00:15,8,1,7,0,0,0
2026-08-24 00:30,3,1,2,0,0,0
2026-08-24 00:45,8,2,6,0,0,0
2026-08-24 01:00,7,0,7,0,0,0
2026-08-24 01:15,5,3,2,0,0,0
2026-08-24 01:30,12,4,8,0,0,0
2026-08-24 01:45,4,0,4,0,0,0
2026-08-24 02:00,1,1,0,0,0,0
2026-08-24 02:15,1,1,0,0,0,0
2026-08-24 02:30,0,0,0,0,0,0
2026-08-24 02:45,3,0,3,0,0,0
2026-08-24 03:00,3,1,2,0,0,0
2026-08-24 03:15,4,0,4,0,0,0
2026-08-24 03:30,4,1,3,0,0,0
2026-08-24 03:45,2,1,1,0,0,0
2026-08-24 04:00,3,1,2,0,0,0
2026-08-24 04:15,4,2,2,0,0,0
2026-08-24 04:30,2,0,2,0,0,0
2026-08-24 04:45,5,4,1,0,0,0
2026-08-24 05:00,6,4,2,0,0,0
2026-08-24 05:15,10,7,3,0,0,0
2026-08-24 05:30,17,10,7,0,0,0
2026-08-24 05:45,22,18,4,0,0,0
2026-08-24 06:00,24,17,7,0,0,0
2026-08-24 06:15,32,22,10,0,0,0
2026-08-24 06:30,50,27,23,0,0,0
2026-08-24 06:45,65,37,28,0,0,0
2026-08-24 07:00,72,46,26,0,0,0
2026-08-24 07:15,105,51,54,0,0,0
2026-08-24 07:30,123,67,56,0,0,0
2026-08-24 07:45,168,97,71,0,0,0
2026-08-24 08:00,169,93,76,0,0,0
2026-08-24 08:15,159,90,69,0,0,0
2026-08-24 08:30,150,79,71,0,0,0
2026-08-24 08:45,186,112,74,0,0,0
2026-08-24 09:00,122,71,51,0,0,0
2026-08-24 09:15,95,52,43,0,0,0
2026-08-24 09:30,108,66,42,0,0,0
2026-08-24 09:45,141,91,50,0,0,0
2026-08-24 10:00,78,36,42,0,0,0
2026-08-24 10:15,107,63,44,0,0,0
2026-08-24 10:30,94,60,34,0,0,0
2026-08-24 10:45,103,74,29,0,0,0
2026-08-24 11:00,127,52,75,0,0,0
2026-08-24 11:15,115,54,61,0,0,0
2026-08-24 11:30,120,52,68,0,0,0
2026-08-24 11:45,137,84,53,0,0,0
2026-08-24 12:00,118,63,55,0,0,0
2026-08-24 12:15,113,50,63,0,0,0
2026-08-24 12:30,116,69,47,0,0,0
2026-08-24 12:45,144,76,68,0,0,0
2026-08-24 13:00,124,57,67,0,0,0
2026-08-24 13:15,127,65,62,0,0,0
2026-08-24 13:30,128,69,59,0,0,0
2026-08-24 13:45,148,77,71,0,0,0
2026-08-24 14:00,138,73,65,0,0,0
2026-08-24 14:15,108,57,51,0,0,0
2026-08-24 14:30,146,80,66,0,0,0
2026-08-24 14:45,147,68,79,0,0,0
2026-08-24 15:00,166,85,81,0,0,0
2026-08-24 15:15,176,78,98,0,0,0
2026-08-24 15:30,166,76,90,0,0,0
2026-08-24 15:45,201,85,116,0,0,0
2026-08-24 16:00,197,94,103,0,0,0
2026-08-24 16:15,208,84,124,0,0,0
2026-08-24 16:30,229,100,129,0,0,0
2026-08-24 16:45,199,81,118,0,0,0
2026-08-24 17:00,199,99,100,0,0,0
2026-08-24 17:15,241,93,148,0,0,0
2026-08-24 17:30,228,98,130,0,0,0
2026-08-24 17:45,222,87,135,0,0,0
2026-08-24 18:00,217,90,127,0,0,0
2026-08-24 18:15,203,66,137,0,0,0
2026-08-24 18:30,197,90,107,0,0,0
2026-08-24 18:45,191,90,101,0,0,0
2026-08-24 19:00,160,77,83,0,0,0
2026-08-24 19:15,133,59,74,0,0,0
2026-08-24 19:30,136,66,70,0,0,0
2026-08-24 19:45,138,65,73,0,0,0
2026-08-24 20:00,126,66,60,0,0,0
2026-08-24 20:15,107,61,46,0,0,0
2026-08-24 20:30,98,48,50,0,0,0
2026-08-24 20:45,80,33,47,0,0,0
2026-08-24 21:00,70,43,27,0,0,0
2026-08-24 21:15,101,40,61,0,0,0
2026-08-24 21:30,85,37,48,0,0,0
2026-08-24 21:45,68,25,43,0,0,0
2026-08-24 22:00,57,23,34,0,0,0
2026-08-24 22:15,40,18,22,0,0,0
2026-08-24 22:30,72,21,51,0,0,0
2026-08-24 22:45,31,11,20,0,0,0
2026-08-24 23:00,41,12,29,0,0,0
2026-08-24 23:15,32,16,16,0,0,0
2026-08-24 23:30,34,10,24,0,0,0
2026-08-24 23:45,40,15,25,0,0,0
2026-08-25 00:00,16,4,12,0,0,0
2026-08-25 00:15,22,5,17,0,0,0
2026-08-25 00:30,11,0,11,0,0,0
2026-08-25 00:45,9,4,5,0,0,0
2026-08-25 01:00,2,1,1,0,0,0
2026-08-25 01:15,7,3,4,0,0,0
2026-08-25 01:30,7,2,5,0,0,0
2026-08-25 01:45,2,0,2,0,0,0
2026-08-25 02:00,6,2,4,0,0,0
2026-08-25 02:15,0,0,0,0,0,0
2026-08-25 02:30,1,1,0,0,0,0
2026-08-25 02:45,1,0,1,0,0,0
2026-08-25 03:00,2,0,2,0,0,0
2026-08-25 03:15,1,0,1,0,0,0
2026-08-25 03:30,3,1,2,0,0,0
2026-08-25 03:45,1,0,1,0,0,0
2026-08-25 04:00,1,0,1,0,0,0
2026-08-25 04:15,1,1,0,0,0,0
2026-08-25 04:30,6,3,3,0,0,0
2026-08-25 04:45,6,4,2,0,0,0
2026-08-25 05:00,5,5,0,0,0,0
2026-08-25 05:15,10,5,5,0,0,0
2026-08-25 05:30,18,11,7,0,0,0
2026-08-25 05:45,26,18,8,0,0,0
2026-08-25 06:00,23,16,7,0,0,0
2026-08-25 06:15,53,42,11,0,0,0
2026-08-25 06:30,59,35,24,0,0,0
2026-08-25 06:45,81,50,31,0,0,0
2026-08-25 07:00,103,72,31,0,0,0
2026-08-25 07:15,115,66,49,0,0,0
2026-08-25 07:30,141,79,62,0,0,0
2026-08-25 07:45,196,120,76,0,0,0
2026-08-25 08:00,164,95,69,0,0,0
2026-08-25 08:15,172,105,67,0,0,0
2026-08-25 08:30,157,92,65,0,0,0
2026-08-25 08:45,163,90,73,0,0,0
2026-08-25 09:00,152,80,72,0,0,0
2026-08-25 09:15,122,83,39,0,0,0
2026-08-25 09:30,116,61,55,0,0,0
2026-08-25 09:45,140,90,50,0,0,0
2026-08-25 10:00,119,69,50,0,0,0
2026-08-25 10:15,99,61,38,0,0,0
2026-08-25 10:30,102,65,37,0,0,0
2026-08-25 10:45,104,70,34,0,0,0
2026-08-25 11:00,130,62,68,0,0,0
2026-08-25 11:15,100,64,36,0,0,0
2026-08-25 11:30,129,68,61,0,0,0
2026-08-25 11:45,142,75,67,0,0,0
2026-08-25 12:00,126,68,58,0,0,0
2026-08-25 12:15,128,64,64,0,0,0
2026-08-25 12:30,149,75,74,0,0,0
2026-08-25 12:45,140,68,72,0,0,0
2026-08-25 13:00,142,83,59,0,0,0
2026-08-25 13:15,133,64,69,0,0,0
2026-08-25 13:30,136,66,70,0,0,0
2026-08-25 13:45,158,81,77,0,0,0
2026-08-25 14:00,168,97,71,0,0,0
2026-08-25 14:15,158,83,75,0,0,0
2026-08-25 14:30,143,65,78,0,0,0
2026-08-25 14:45,172,88,84,0,0,0
2026-08-25 15:00,156,66,90,0,0,0
2026-08-25 15:15,194,87,107,0,0,0
2026-08-25 15:30,208,108,100,0,0,0
2026-08-25 15:45,196,100,96,0,0,0
2026-08-25 16:00,190,85,105,0,0,0
2026-08-25 16:15,247,112,135,0,0,0
2026-08-25 16:30,257,110,147,0,0,0
2026-08-25 16:45,239,97,142,0,0,0
2026-08-25 17:00,243,89,154,0,0,0
2026-08-25 17:15,242,98,144,0,0,0
2026-08-25 17:30,213,100,113,0,0,0
2026-08-25 17:45,252,103,149,0,0,0
2026-08-25 18:00,222,92,130,0,0,0
2026-08-25 18:15,205,105,100,0,0,0
2026-08-25 18:30,190,79,111,0,0,0
2026-08-25 18:45,217,84,133,0,0,0
2026-08-25 19:00,189,86,103,0,0,0
2026-08-25 19:15,140,69,71,0,0,0
2026-08-25 19:30,115,48,67,0,0,0
2026-08-25 19:45,158,70,88,0,0,0
2026-08-25 20:00,110,60,50,0,0,0
2026-08-25 20:15,118,54,64,0,0,0
2026-08-25 20:30,98,39,59,0,0,0
2026-08-25 20:45,103,49,54,0,0,0
2026-08-25 21:00,95,48,47,0,0,0
2026-08-25 21:15,67,27,40,0,0,0
2026-08-25 21:30,79,30,49,0,0,0
2026-08-25 21:45,90,36,54,0,0,0
2026-08-25 22:00,67,27,40,0,0,0
2026-08-25 22:15,66,29,37,0,0,0
2026-08-25 22:30,60,29,31,0,0,0
2026-08-25 22:45,49,17,32,0,0,0
2026-08-25 23:00,38,15,23,0,0,0
2026-08-25 23:15,48,8,40,0,0,0
2026-08-25 23:30,35,11,24,0,0,0
2026-08-25 23:45,14,2,12,0,0,0
