Datetime,100031300 (HafenstraÃŸe),101031300 (Channel 1 IN),102031300 (Channel 2 OUT),100031300-status,101031300-status,102031300-status
2020-05-01 00:00,6,2,4,4,4,4
2020-05-01 00:15,7,3,4,4,4,4
2020-05-01 00:30,4,2,2,4,4,4
2020-05-01 00:45,3,1,2,4,4,4
2020-05-01 01:00,5,3,2,4,4,4
2020-05-01 01:15,3,2,1,4,4,4
2020-05-01 01:30,2,1,1,4,4,4
2020-05-01 01:45,3,1,2,4,4,4
2020-05-01 02:00,2,1,1,4,4,4
2020-05-01 02:15,1,1,0,4,4,4
2020-05-01 02:30,3,1,2,4,4,4
2020-05-01 02:45,1,0,1,4,4,4
2020-05-01 03:00,1,0,1,4,4,4
2020-05-01 03:15,0,0,0,4,4,4
2020-05-01 03:30,1,1,0,4,4,4
2020-05-01 03:45,2,1,1,4,4,4
2020-05-01 04:00,2,1,1,4,4,4
2020-05-01 04:15,0,0,0,4,4,4
2020-05-01 04:30,1,0,1,4,4,4
2020-05-01 04:45,5,1,4,4,4,4
2020-05-01 05:00,2,0,2,4,4,4
2020-05-01 05:15,8,1,7,4,4,4
2020-05-01 05:30,11,6,5,4,4,4
2020-05-01 05:45,17,7,10,4,4,4
2020-05-01 06:00,12,3,9,4,4,4
2020-05-01 06:15,21,8,13,4,4,4
2020-05-01 06:30,20,6,14,4,4,4
2020-05-01 06:45,28,15,13,4,4,4
2020-05-01 07:00,34,15,19,4,4,4
2020-05-01 07:15,37,17,20,4,4,4
2020-05-01 07:30,42,21,21,4,4,4
2020-05-01 07:45,55,28,27,4,4,4
2020-05-01 08:00,34,16,18,4,4,4
2020-05-01 08:15,50,27,23,4,4,4
2020-05-01 08:30,43,22,21,4,4,4
2020-05-01 08:45,51,25,26,4,4,4
2020-05-01 09:00,33,11,22,4,4,4
2020-05-01 09:15,31,15,16,4,4,4
2020-05-01 09:30,42,19,23,4,4,4
2020-05-01 09:45,47,25,22,4,4,4
2020-05-01 10:00,44,22,22,4,4,4
2020-05-01 10:15,39,16,23,4,4,4
2020-05-01 10:30,43,20,23,4,4,4
2020-05-01 10:45,48,23,25,4,4,4
2020-05-01 11:00,45,17,28,4,4,4
2020-05-01 11:15,51,23,28,4,4,4
2020-05-01 11:30,54,26,28,4,4,4
2020-05-01 11:45,55,28,27,4,4,4
2020-05-01 12:00,67,32,35,4,4,4
2020-05-01 12:15,65,30,35,4,4,4
2020-05-01 12:30,62,33,29,4,4,4
2020-05-01 12:45,73,35,38,4,4,4
2020-05-01 13:00,81,37,44,4,4,4
2020-05-01 13:15,71,37,34,4,4,4
2020-05-01 13:30,65,33,32,4,4,4
2020-05-01 13:45,75,39,36,4,4,4
2020-05-01 14:00,64,29,35,4,4,4
2020-05-01 14:15,73,38,35,4,4,4
2020-05-01 14:30,63,31,32,4,4,4
2020-05-01 14:45,63,26,37,4,4,4
2020-05-01 15:00,71,35,36,4,4,4
2020-05-01 15:15,72,31,41,4,4,4
2020-05-01 15:30,69,32,37,4,4,4
2020-05-01 15:45,73,33,40,4,4,4
2020-05-01 16:00,82,40,42,4,4,4
2020-05-01 16:15,68,37,31,4,4,4
2020-05-01 16:30,72,34,38,4,4,4
2020-05-01 16:45,70,33,37,4,4,4
2020-05-01 17:00,69,33,36,4,4,4
2020-05-01 17:15,70,31,39,4,4,4
2020-05-01 17:30,61,24,37,4,4,4
2020-05-01 17:45,66,31,35,4,4,4
2020-05-01 18:00,61,28,33,4,4,4
2020-05-01 18:15,63,31,32,4,4,4
2020-05-01 18:30,57,26,31,4,4,4
2020-05-01 18:45,60,28,32,4,4,4
2020-05-01 19:00,54,24,30,4,4,4
2020-05-01 19:15,44,19,25,4,4,4
2020-05-01 19:30,41,20,21,4,4,4
2020-05-01 19:45,44,18,26,4,4,4
2020-05-01 20:00,44,20,24,4,4,4
2020-05-01 20:15,42,16,26,4,4,4
2020-05-01 20:30,29,15,14,4,4,4
2020-05-01 20:45,26,11,15,4,4,4
2020-05-01 21:00,23,12,11,4,4,4
2020-05-01 21:15,25,11,14,4,4,4
2020-05-01 21:30,19,9,10,4,4,4
2020-05-01 21:45,14,6,8,4,4,4
2020-05-01 22:00,17,6,11,4,4,4
2020-05-01 22:15,13,5,8,4,4,4
2020-05-01 22:30,16,7,9,4,4,4
2020-05-01 22:45,16,6,10,4,4,4
2020-05-01 23:00,13,4,9,4,4,4
2020-05-01 23:15,10,3,7,4,4,4
2020-05-01 23:30,7,3,4,4,4,4
2020-05-01 23:45,12,5,7,4,4,4
2020-05-02 00:00,10,5,5,4,4,4
2020-05-02 00:15,6,3,3,4,4,4
2020-05-02 00:30,6,4,2,4,4,4
2020-05-02 00:45,5,2,3,4,4,4
2020-05-02 01:00,7,3,4,4,4,4
2020-05-02 01:15,4,2,2,4,4,4
2020-05-02 01:30,3,2,1,4,4,4
2020-05-02 01:45,3,2,1,4,4,4
2020-05-02 02:00,2,1,1,4,4,4
2020-05-02 02:15,1,0,1,4,4,4
2020-05-02 02:30,3,2,1,4,4,4
2020-05-02 02:45,3,1,2,4,4,4
2020-05-02 03:00,1,1,0,4,4,4
2020-05-02 03:15,2,1,1,4,4,4
2020-05-02 03:30,2,0,2,4,4,4
2020-05-02 03:45,2,1,1,4,4,4
2020-05-02 04:00,1,0,1,4,4,4
2020-05-02 04:15,1,0,1,4,4,4
2020-05-02 04:30,3,1,2,4,4,4
2020-05-02 04:45,2,1,1,4,4,4
2020-05-02 05:00,2,1,1,4,4,4
2020-05-02 05:15,6,2,4,4,4,4
2020-05-02 05:30,8,3,5,4,4,4
2020-05-02 05:45,7,2,5,4,4,4
2020-05-02 06:00,8,3,5,4,4,4
2020-05-02 06:15,4,1,3,4,4,4
2020-05-02 06:30,12,3,9,4,4,4
2020-05-02 06:45,8,1,7,4,4,4
2020-05-02 07:00,10,7,3,4,4,4
2020-05-02 07:15,10,4,6,4,4,4
2020-05-02 07:30,16,6,10,4,4,4
2020-05-02 07:45,15,8,7,4,4,4
2020-05-02 08:00,19,8,11,4,4,4
2020-05-02 08:15,17,9,8,4,4,4
2020-05-02 08:30,22,11,11,4,4,4
2020-05-02 08:45,27,13,14,4,4,4
2020-05-02 09:00,22,12,10,4,4,4
2020-05-02 09:15,27,9,18,4,4,4
2020-05-02 09:30,29,15,14,4,4,4
2020-05-02 09:45,37,16,21,4,4,4
2020-05-02 10:00,36,20,16,4,4,4
2020-05-02 10:15,40,20,20,4,4,4
2020-05-02 10:30,47,22,25,4,4,4
2020-05-02 10:45,42,21,21,4,4,4
2020-05-02 11:00,49,27,22,4,4,4
2020-05-02 11:15,56,28,28,4,4,4
2020-05-02 11:30,46,25,21,4,4,4
2020-05-02 11:45,63,28,35,4,4,4
2020-05-02 12:00,54,27,27,4,4,4
2020-05-02 12:15,61,27,34,4,4,4
2020-05-02 12:30,70,37,33,4,4,4
2020-05-02 12:45,63,32,31,4,4,4
2020-05-02 13:00,66,30,36,4,4,4
2020-05-02 13:15,61,29,32,4,4,4
2020-05-02 13:30,68,36,32,4,4,4
2020-05-02 13:45,68,31,37,4,4,4
2020-05-02 14:00,66,38,28,4,4,4
2020-05-02 14:15,73,41,32,4,4,4
2020-05-02 14:30,77,41,36,4,4,4
2020-05-02 14:45,68,38,30,4,4,4
2020-05-02 15:00,61,36,25,4,4,4
2020-05-02 15:15,78,37,41,4,4,4
2020-05-02 15:30,60,29,31,4,4,4
2020-05-02 15:45,72,35,37,4,4,4
2020-05-02 16:00,67,33,34,4,4,4
2020-05-02 16:15,62,32,30,4,4,4
2020-05-02 16:30,64,30,34,4,4,4
2020-05-02 16:45,65,29,36,4,4,4
2020-05-02 17:00,63,26,37,4,4,4
2020-05-02 17:15,63,26,37,4,4,4
2020-05-02 17:30,59,28,31,4,4,4
2020-05-02 17:45,61,26,35,4,4,4
2020-05-02 18:00,54,23,31,4,4,4
2020-05-02 18:15,52,27,25,4,4,4
2020-05-02 18:30,47,17,30,4,4,4
2020-05-02 18:45,49,24,25,4,4,4
2020-05-02 19:00,42,20,22,4,4,4
2020-05-02 19:15,40,16,24,4,4,4
2020-05-02 19:30,38,19,19,4,4,4
2020-05-02 19:45,35,13,22,4,4,4
2020-05-02 20:00,37,16,21,4,4,4
2020-05-02 20:15,33,16,17,4,4,4
2020-05-02 20:30,32,15,17,4,4,4
2020-05-02 20:45,18,7,11,4,4,4
2020-05-02 21:00,19,10,9,4,4,4
2020-05-02 21:15,21,8,13,4,4,4
2020-05-02 21:30,19,8,11,4,4,4
2020-05-02 21:45,23,9,14,4,4,4
2020-05-02 22:00,15,5,10,4,4,4
2020-05-02 22:15,15,6,9,4,4,4
2020-05-02 22:30,12,3,9,4,4,4
2020-05-02 22:45,10,4,6,4,4,4
2020-05-02 23:00,14,4,10,4,4,4
2020-05-02 23:15,11,4,7,4,4,4
2020-05-02 23:30,8,2,6,4,4,4
2020-05-02 23:45,9,2,7,4,4,4
2020-05-03 00:00,9,5,4,4,4,4
2020-05-03 00:15,9,3,6,4,4,4
2020-05-03 00:30,9,4,5,4,4,4
2020-05-03 00:45,3,1,2,4,4,4
2020-05-03 01:00,6,2,4,4,4,4
2020-05-03 01:15,3,1,2,4,4,4
2020-05-03 01:30,4,2,2,4,4,4
2020-05-03 01:45,5,2,3,4,4,4
2020-05-03 02:00,4,1,3,4,4,4
2020-05-03 02:15,1,0,1,4,4,4
2020-05-03 02:30,2,1,1,4,4,4
2020-05-03 02:45,1,0,1,4,4,4
2020-05-03 03:00,3,1,2,4,4,4
2020-05-03 03:15,2,1,1,4,4,4
2020-05-03 03:30,1,1,0,4,4,4
2020-05-03 03:45,3,2,1,4,4,4
2020-05-03 04:00,1,1,0,4,4,4
2020-05-03 04:15,2,1,1,4,4,4
2020-05-03 04:30,1,0,1,4,4,4
2020-05-03 04:45,2,1,1,4,4,4
2020-05-03 05:00,0,0,0,4,4,4
2020-05-03 05:15,1,1,0,4,4,4
2020-05-03 05:30,7,2,5,4,4,4
2020-05-03 05:45,3,2,1,4,4,4
2020-05-03 06:00,3,1,2,4,4,4
2020-05-03 06:15,3,1,2,4,4,4
2020-05-03 06:30,4,1,3,4,4,4
2020-05-03 06:45,2,0,2,4,4,4
2020-05-03 07:00,4,3,1,4,4,4
2020-05-03 07:15,4,1,3,4,4,4
2020-05-03 07:30,7,3,4,4,4,4
2020-05-03 07:45,6,2,4,4,4,4
2020-05-03 08:00,4,2,2,4,4,4
2020-05-03 08:15,5,1,4,4,4,4
2020-05-03 08:30,5,1,4,4,4,4
2020-05-03 08:45,8,4,4,4,4,4
2020-05-03 09:00,7,4,3,4,4,4
2020-05-03 09:15,11,4,7,4,4,4
2020-05-03 09:30,14,9,5,4,4,4
2020-05-03 09:45,17,7,10,4,4,4
2020-05-03 10:00,18,8,10,4,4,4
2020-05-03 10:15,24,13,11,4,4,4
2020-05-03 10:30,17,9,8,4,4,4
2020-05-03 10:45,24,14,10,4,4,4
2020-05-03 11:00,25,12,13,4,4,4
2020-05-03 11:15,24,14,10,4,4,4
2020-05-03 11:30,32,15,17,4,4,4
2020-05-03 11:45,36,22,14,4,4,4
2020-05-03 12:00,36,16,20,4,4,4
2020-05-03 12:15,42,22,20,4,4,4
2020-05-03 12:30,42,20,22,4,4,4
2020-05-03 12:45,46,25,21,4,4,4
2020-05-03 13:00,54,31,23,4,4,4
2020-05-03 13:15,50,25,25,4,4,4
2020-05-03 13:30,57,29,28,4,4,4
2020-05-03 13:45,58,26,32,4,4,4
2020-05-03 14:00,55,32,23,4,4,4
2020-05-03 14:15,67,29,38,4,4,4
2020-05-03 14:30,58,29,29,4,4,4
2020-05-03 14:45,63,28,35,4,4,4
2020-05-03 15:00,66,30,36,4,4,4
2020-05-03 15:15,60,29,31,4,4,4
2020-05-03 15:30,54,23,31,4,4,4
2020-05-03 15:45,54,23,31,4,4,4
2020-05-03 16:00,71,32,39,4,4,4
2020-05-03 16:15,68,33,35,4,4,4
2020-05-03 16:30,56,29,27,4,4,4
2020-05-03 16:45,61,25,36,4,4,4
2020-05-03 17:00,58,28,30,4,4,4
2020-05-03 17:15,58,21,37,4,4,4
2020-05-03 17:30,50,22,28,4,4,4
2020-05-03 17:45,52,24,28,4,4,4
2020-05-03 18:00,56,22,34,4,4,4
2020-05-03 18:15,61,35,26,4,4,4
2020-05-03 18:30,53,27,26,4,4,4
2020-05-03 18:45,49,23,26,4,4,4
2020-05-03 19:00,46,19,27,4,4,4
2020-05-03 19:15,42,16,26,4,4,4
2020-05-03 19:30,44,22,22,4,4,4
2020-05-03 19:45,39,22,17,4,4,4
2020-05-03 20:00,37,14,23,4,4,4
2020-05-03 20:15,31,11,20,4,4,4
2020-05-03 20:30,27,12,15,4,4,4
2020-05-03 20:45,32,18,14,4,4,4
2020-05-03 21:00,28,11,17,4,4,4
2020-05-03 21:15,18,7,11,4,4,4
2020-05-03 21:30,18,8,10,4,4,4
2020-05-03 21:45,17,8,9,4,4,4
2020-05-03 22:00,14,6,8,4,4,4
2020-05-03 22:15,10,7,3,4,4,4
2020-05-03 22:30,11,4,7,4,4,4
2020-05-03 22:45,11,7,4,4,4,4
2020-05-03 23:00,9,3,6,4,4,4
2020-05-03 23:15,9,3,6,4,4,4
2020-05-03 23:30,7,3,4,4,4,4
2020-05-03 23:45,5,3,2,4,4,4
2020-05-04 00:00,5,1,4,4,4,4
2020-05-04 00:15,5,2,3,4,4,4
2020-05-04 00:30,4,2,2,4,4,4
2020-05-04 00:45,1,0,1,4,4,4
2020-05-04 01:00,3,2,1,4,4,4
2020-05-04 01:15,2,1,1,4,4,4
2020-05-04 01:30,2,1,1,4,4,4
2020-05-04 01:45,0,0,0,4,4,4
2020-05-04 02:00,1,0,1,4,4,4
2020-05-04 02:15,2,1,1,4,4,4
2020-05-04 02:30,2,1,1,4,4,4
2020-05-04 02:45,0,0,0,4,4,4
2020-05-04 03:00,1,0,1,4,4,4
2020-05-04 03:15,1,0,1,4,4,4
2020-05-04 03:30,1,0,1,4,4,4
2020-05-04 03:45,2,1,1,4,4,4
2020-05-04 04:00,2,0,2,4,4,4
2020-05-04 04:15,1,0,1,4,4,4
2020-05-04 04:30,1,0,1,4,4,4
2020-05-04 04:45,3,1,2,4,4,4
2020-05-04 05:00,3,1,2,4,4,4
2020-05-04 05:15,8,3,5,4,4,4
2020-05-04 05:30,15,6,9,4,4,4
2020-05-04 05:45,11,5,6,4,4,4
2020-05-04 06:00,20,7,13,4,4,4
2020-05-04 06:15,17,8,9,4,4,4
2020-05-04 06:30,28,12,16,4,4,4
2020-05-04 06:45,38,19,19,4,4,4
2020-05-04 07:00,34,15,19,4,4,4
2020-05-04 07:15,39,18,21,4,4,4
2020-05-04 07:30,56,29,27,4,4,4
2020-05-04 07:45,57,33,24,4,4,4
2020-05-04 08:00,46,24,22,4,4,4
2020-05-04 08:15,61,34,27,4,4,4
2020-05-04 08:30,47,23,24,4,4,4
2020-05-04 08:45,48,24,24,4,4,4
2020-05-04 09:00,43,20,23,4,4,4
2020-05-04 09:15,38,18,20,4,4,4
2020-05-04 09:30,42,17,25,4,4,4
2020-05-04 09:45,43,21,22,4,4,4
2020-05-04 10:00,46,22,24,4,4,4
2020-05-04 10:15,44,21,23,4,4,4
2020-05-04 10:30,45,22,23,4,4,4
2020-05-04 10:45,51,24,27,4,4,4
2020-05-04 11:00,47,24,23,4,4,4
2020-05-04 11:15,50,26,24,4,4,4
2020-05-04 11:30,55,30,25,4,4,4
2020-05-04 11:45,60,27,33,4,4,4
2020-05-04 12:00,59,27,32,4,4,4
2020-05-04 12:15,65,32,33,4,4,4
2020-05-04 12:30,72,36,36,4,4,4
2020-05-04 12:45,58,24,34,4,4,4
2020-05-04 13:00,75,41,34,4,4,4
2020-05-04 13:15,71,37,34,4,4,4
2020-05-04 13:30,64,32,32,4,4,4
2020-05-04 13:45,69,38,31,4,4,4
2020-05-04 14:00,65,32,33,4,4,4
2020-05-04 14:15,63,35,28,4,4,4
2020-05-04 14:30,74,38,36,4,4,4
2020-05-04 14:45,68,34,34,4,4,4
2020-05-04 15:00,67,32,35,4,4,4
2020-05-04 15:15,80,42,38,4,4,4
2020-05-04 15:30,75,35,40,4,4,4
2020-05-04 15:45,82,38,44,4,4,4
2020-05-04 16:00,86,41,45,4,4,4
2020-05-04 16:15,79,34,45,4,4,4
2020-05-04 16:30,78,33,45,4,4,4
2020-05-04 16:45,95,44,51,4,4,4
2020-05-04 17:00,88,42,46,4,4,4
2020-05-04 17:15,94,45,49,4,4,4
2020-05-04 17:30,85,41,44,4,4,4
2020-05-04 17:45,85,35,50,4,4,4
2020-05-04 18:00,77,37,40,4,4,4
2020-05-04 18:15,59,25,34,4,4,4
2020-05-04 18:30,71,32,39,4,4,4
2020-05-04 18:45,61,33,28,4,4,4
2020-05-04 19:00,49,22,27,4,4,4
2020-05-04 19:15,56,21,35,4,4,4
2020-05-04 19:30,49,24,25,4,4,4
2020-05-04 19:45,45,20,25,4,4,4
2020-05-04 20:00,37,13,24,4,4,4
2020-05-04 20:15,30,13,17,4,4,4
2020-05-04 20:30,30,14,16,4,4,4
2020-05-04 20:45,25,8,17,4,4,4
2020-05-04 21:00,27,14,13,4,4,4
2020-05-04 21:15,23,10,13,4,4,4
2020-05-04 21:30,19,9,10,4,4,4
2020-05-04 21:45,18,8,10,4,4,4
2020-05-04 22:00,11,4,7,4,4,4
2020-05-04 22:15,16,7,9,4,4,4
2020-05-04 22:30,12,4,8,4,4,4
2020-05-04 22:45,12,3,9,4,4,4
2020-05-04 23:00,8,4,4,4,4,4
2020-05-04 23:15,10,5,5,4,4,4
2020-05-04 23:30,6,2,4,4,4,4
2020-05-04 23:45,5,3,2,4,4,4
2020-05-05 00:00,4,2,2,0,0,0
2020-05-05 00:15,4,0,4,0,0,0
2020-05-05 00:30,7,2,5,0,0,0
2020-05-05 00:45,4,3,1,0,0,0
2020-05-05 01:00,5,3,2,0,0,0
2020-05-05 01:15,1,1,0,0,0,0
2020-05-05 01:30,1,1,0,0,0,0
2020-05-05 01:45,2,0,2,0,0,0
2020-05-05 02:00,0,0,0,0,0,0
2020-05-05 02:15,2,0,2,0,0,0
2020-05-05 02:30,0,0,0,0,0,0
2020-05-05 02:45,0,0,0,0,0,0
2020-05-05 03:00,0,0,0,0,0,0
2020-05-05 03:15,0,0,0,0,0,0
2020-05-05 03:30,0,0,0,0,0,0
2020-05-05 03:45,1,0,1,0,0,0
2020-05-05 04:00,2,2,0,0,0,0
2020-05-05 04:15,1,0,1,0,0,0
2020-05-05 04:30,2,0,2,0,0,0
2020-05-05 04:45,7,1,6,0,0,0
2020-05-05 05:00,3,2,1,0,0,0
2020-05-05 05:15,15,4,11,0,0,0
2020-05-05 05:30,16,7,9,0,0,0
2020-05-05 05:45,15,7,8,0,0,0
2020-05-05 06:00,17,7,10,0,0,0
2020-05-05 06:15,33,9,24,0,0,0
2020-05-05 06:30,39,19,20,0,0,0
2020-05-05 06:45,50,29,21,0,0,0
2020-05-05 07:00,55,31,24,0,0,0
2020-05-05 07:15,78,35,43,0,0,0
2020-05-05 07:30,108,55,53,0,0,0
2020-05-05 07:45,103,52,51,0,0,0
2020-05-05 08:00,74,37,37,0,0,0
2020-05-05 08:15,91,48,43,0,0,0
2020-05-05 08:30,95,47,48,0,0,0
2020-05-05 08:45,95,50,45,0,0,0
2020-05-05 09:00,75,24,51,0,0,0
2020-05-05 09:15,62,30,32,0,0,0
2020-05-05 09:30,54,24,30,0,0,0
2020-05-05 09:45,83,29,54,0,0,0
2020-05-05 10:00,79,29,50,0,0,0
2020-05-05 10:15,57,31,26,0,0,0
2020-05-05 10:30,63,31,32,0,0,0
2020-05-05 10:45,77,32,45,0,0,0
2020-05-05 11:00,63,37,26,0,0,0
2020-05-05 11:15,66,29,37,0,0,0
2020-05-05 11:30,84,32,52,0,0,0
2020-05-05 11:45,85,37,48,0,0,0
2020-05-05 12:00,81,40,41,0,0,0
2020-05-05 12:15,117,60,57,0,0,0
2020-05-05 12:30,95,44,51,0,0,0
2020-05-05 12:45,112,62,50,0,0,0
2020-05-05 13:00,121,49,72,0,0,0
2020-05-05 13:15,102,47,55,0,0,0
2020-05-05 13:30,100,54,46,0,0,0
2020-05-05 13:45,111,55,56,0,0,0
2020-05-05 14:00,95,45,50,0,0,0
2020-05-05 14:15,98,58,40,0,0,0
2020-05-05 14:30,111,56,55,0,0,0
2020-05-05 14:45,101,50,51,0,0,0
2020-05-05 15:00,104,47,57,0,0,0
2020-05-05 15:15,127,69,58,0,0,0
2020-05-05 15:30,120,68,52,0,0,0
2020-05-05 15:45,132,59,73,0,0,0
2020-05-05 16:00,123,62,61,0,0,0
2020-05-05 16:15,148,73,75,0,0,0
2020-05-05 16:30,157,75,82,0,0,0
2020-05-05 16:45,118,57,61,0,0,0
2020-05-05 17:00,143,70,73,0,0,0
2020-05-05 17:15,153,66,87,0,0,0
2020-05-05 17:30,120,54,66,0,0,0
2020-05-05 17:45,112,55,57,0,0,0
2020-05-05 18:00,118,57,61,0,0,0
2020-05-05 18:15,122,54,68,0,0,0
2020-05-05 18:30,134,66,68,0,0,0
2020-05-05 18:45,82,38,44,0,0,0
2020-05-05 19:00,84,43,41,0,0,0
2020-05-05 19:15,71,38,33,0,0,0
2020-05-05 19:30,72,40,32,0,0,0
2020-05-05 19:45,66,27,39,0,0,0
2020-05-05 20:00,70,35,35,0,0,0
2020-05-05 20:15,62,26,36,0,0,0
2020-05-05 20:30,47,23,24,0,0,0
2020-05-05 20:45,39,17,22,0,0,0
2020-05-05 21:00,42,19,23,0,0,0
2020-05-05 21:15,33,19,14,0,0,0
2020-05-05 21:30,39,19,20,0,0,0
2020-05-05 21:45,26,10,16,0,0,0
2020-05-05 22:00,22,8,14,0,0,0
2020-05-05 22:15,32,13,19,0,0,0
2020-05-05 22:30,22,11,11,0,0,0
2020-05-05 22:45,11,5,6,0,0,0
2020-05-05 23:00,10,5,5,0,0,0
2020-05-05 23:15,15,3,12,0,0,0
2020-05-05 23:30,13,2,11,0,0,0
2020-05-05 23:45,7,3,4,0,0,0
2020-05-06 00:00,4,3,1,0,0,0
2020-05-06 00:15,5,1,4,0,0,0
2020-05-06 00:30,5,1,4,0,0,0
2020-05-06 00:45,3,1,2,0,0,0
2020-05-06 01:00,2,2,0,0,0,0
2020-05-06 01:15,3,0,3,0,0,0
2020-05-06 01:30,2,1,1,0,0,0
2020-05-06 01:45,1,1,0,0,0,0
2020-05-06 02:00,0,0,0,0,0,0
2020-05-06 02:15,0,0,0,0,0,0
2020-05-06 02:30,0,0,0,0,0,0
2020-05-06 02:45,3,0,3,0,0,0
2020-05-06 03:00,2,1,1,0,0,0
2020-05-06 03:15,3,0,3,0,0,0
2020-05-06 03:30,3,2,1,0,0,0
2020-05-06 03:45,0,0,0,0,0,0
2020-05-06 04:00,3,0,3,0,0,0
2020-05-06 04:15,3,2,1,0,0,0
2020-05-06 04:30,3,0,3,0,0,0
2020-05-06 04:45,8,4,4,0,0,0
2020-05-06 05:00,1,0,1,0,0,0
2020-05-06 05:15,14,4,10,0,0,0
2020-05-06 05:30,21,5,16,0,0,0
2020-05-06 05:45,23,7,16,0,0,0
2020-05-06 06:00,31,10,21,0,0,0
2020-05-06 06:15,34,13,21,0,0,0
2020-05-06 06:30,36,14,22,0,0,0
2020-05-06 06:45,52,29,23,0,0,0
2020-05-06 07:00,62,35,27,0,0,0
2020-05-06 07:15,74,28,46,0,0,0
2020-05-06 07:30,92,49,43,0,0,0
2020-05-06 07:45,104,63,41,0,0,0
2020-05-06 08:00,125,63,62,0,0,0
2020-05-06 08:15,95,46,49,0,0,0
2020-05-06 08:30,75,37,38,0,0,0
2020-05-06 08:45,93,42,51,0,0,0
2020-05-06 09:00,70,29,41,0,0,0
2020-05-06 09:15,62,30,32,0,0,0
2020-05-06 09:30,71,33,38,0,0,0
2020-05-06 09:45,97,35,62,0,0,0
2020-05-06 10:00,69,24,45,0,0,0
2020-05-06 10:15,76,29,47,0,0,0
2020-05-06 10:30,85,36,49,0,0,0
2020-05-06 10:45,108,56,52,0,0,0
2020-05-06 11:00,74,33,41,0,0,0
2020-05-06 11:15,86,51,35,0,0,0
2020-05-06 11:30,94,39,55,0,0,0
2020-05-06 11:45,97,34,63,0,0,0
2020-05-06 12:00,103,47,56,0,0,0
2020-05-06 12:15,108,57,51,0,0,0
2020-05-06 12:30,102,43,59,0,0,0
2020-05-06 12:45,102,49,53,0,0,0
2020-05-06 13:00,118,60,58,0,0,0
2020-05-06 13:15,90,43,47,0,0,0
2020-05-06 13:30,103,57,46,0,0,0
2020-05-06 13:45,88,50,38,0,0,0
2020-05-06 14:00,115,57,58,0,0,0
2020-05-06 14:15,97,58,39,0,0,0
2020-05-06 14:30,90,41,49,0,0,0
2020-05-06 14:45,123,56,67,0,0,0
2020-05-06 15:00,82,47,35,0,0,0
2020-05-06 15:15,104,47,57,0,0,0
2020-05-06 15:30,113,67,46,0,0,0
2020-05-06 15:45,123,71,52,0,0,0
2020-05-06 16:00,125,63,62,0,0,0
2020-05-06 16:15,131,66,65,0,0,0
2020-05-06 16:30,118,63,55,0,0,0
2020-05-06 16:45,146,66,80,0,0,0
2020-05-06 17:00,129,77,52,0,0,0
2020-05-06 17:15,134,63,71,0,0,0
2020-05-06 17:30,121,68,53,0,0,0
2020-05-06 17:45,127,67,60,0,0,0
2020-05-06 18:00,129,80,49,0,0,0
2020-05-06 18:15,120,62,58,0,0,0
2020-05-06 18:30,95,52,43,0,0,0
2020-05-06 18:45,102,55,47,0,0,0
2020-05-06 19:00,101,59,42,0,0,0
2020-05-06 19:15,91,49,42,0,0,0
2020-05-06 19:30,76,39,37,0,0,0
2020-05-06 19:45,69,43,26,0,0,0
2020-05-06 20:00,78,38,40,0,0,0
2020-05-06 20:15,56,19,37,0,0,0
2020-05-06 20:30,65,23,42,0,0,0
2020-05-06 20:45,42,19,23,0,0,0
2020-05-06 21:00,58,29,29,0,0,0
2020-05-06 21:15,44,19,25,0,0,0
2020-05-06 21:30,39,12,27,0,0,0
2020-05-06 21:45,21,10,11,0,0,0
2020-05-06 22:00,24,13,11,0,0,0
2020-05-06 22:15,39,11,28,0,0,0
2020-05-06 22:30,22,9,13,0,0,0
2020-05-06 22:45,23,9,14,0,0,0
2020-05-06 23:00,21,6,15,0,0,0
2020-05-06 23:15,19,6,13,0,0,0
2020-05-06 23:30,9,1,8,0,0,0
2020-05-06 23:45,7,5,2,0,0,0
2020-05-07 00:00,12,4,8,0,0,0
2020-05-07 00:15,10,3,7,0,0,0
2020-05-07 00:30,2,0,2,0,0,0
2020-05-07 00:45,1,0,1,0,0,0
2020-05-07 01:00,1,1,0,0,0,0
2020-05-07 01:15,7,2,5,0,0,0
2020-05-07 01:30,4,4,0,0,0,0
2020-05-07 01:45,4,2,2,0,0,0
2020-05-07 02:00,1,1,0,0,0,0
2020-05-07 02:15,0,0,0,0,0,0
2020-05-07 02:30,2,2,0,0,0,0
2020-05-07 02:45,0,0,0,0,0,0
2020-05-07 03:00,2,0,2,0,0,0
2020-05-07 03:15,1,0,1,0,0,0
2020-05-07 03:30,3,1,2,0,0,0
2020-05-07 03:45,3,2,1,0,0,0
2020-05-07 04:00,4,0,4,0,0,0
2020-05-07 04:15,3,0,3,0,0,0
2020-05-07 04:30,4,0,4,0,0,0
2020-05-07 04:45,7,3,4,0,0,0
2020-05-07 05:00,2,1,1,0,0,0
2020-05-07 05:15,13,7,6,0,0,0
2020-05-07 05:30,13,4,9,0,0,0
2020-05-07 05:45,24,11,13,0,0,0
2020-05-07 06:00,22,8,14,0,0,0
2020-05-07 06:15,26,9,17,0,0,0
2020-05-07 06:30,41,16,25,0,0,0
2020-05-07 06:45,45,24,21,0,0,0
2020-05-07 07:00,61,37,24,0,0,0
2020-05-07 07:15,60,28,32,0,0,0
2020-05-07 07:30,101,50,51,0,0,0
2020-05-07 07:45,104,54,50,0,0,0
2020-05-07 08:00,73,47,26,0,0,0
2020-05-07 08:15,102,49,53,0,0,0
2020-05-07 08:30,91,45,46,0,0,0
2020-05-07 08:45,79,35,44,0,0,0
2020-05-07 09:00,88,47,41,0,0,0
2020-05-07 09:15,66,28,38,0,0,0
2020-05-07 09:30,68,32,36,0,0,0
2020-05-07 09:45,84,31,53,0,0,0
2020-05-07 10:00,61,36,25,0,0,0
2020-05-07 10:15,73,38,35,0,0,0
2020-05-07 10:30,71,34,37,0,0,0
2020-05-07 10:45,73,34,39,0,0,0
2020-05-07 11:00,66,35,31,0,0,0
2020-05-07 11:15,90,40,50,0,0,0
2020-05-07 11:30,99,49,50,0,0,0
2020-05-07 11:45,98,42,56,0,0,0
2020-05-07 12:00,82,39,43,0,0,0
2020-05-07 12:15,97,40,57,0,0,0
2020-05-07 12:30,89,49,40,0,0,0
2020-05-07 12:45,89,50,39,0,0,0
2020-05-07 13:00,108,54,54,0,0,0
2020-05-07 13:15,104,49,55,0,0,0
2020-05-07 13:30,105,51,54,0,0,0
2020-05-07 13:45,111,60,51,0,0,0
2020-05-07 14:00,104,54,50,0,0,0
2020-05-07 14:15,95,46,49,0,0,0
2020-05-07 14:30,107,55,52,0,0,0
2020-05-07 14:45,101,50,51,0,0,0
2020-05-07 15:00,96,43,53,0,0,0
2020-05-07 15:15,129,75,54,0,0,0
2020-05-07 15:30,119,60,59,0,0,0
2020-05-07 15:45,131,68,63,0,0,0
2020-05-07 16:00,130,61,69,0,0,0
2020-05-07 16:15,157,69,88,0,0,0
2020-05-07 16:30,123,48,75,0,0,0
2020-05-07 16:45,139,68,71,0,0,0
2020-05-07 17:00,133,64,69,0,0,0
2020-05-07 17:15,167,79,88,0,0,0
2020-05-07 17:30,128,65,63,0,0,0
2020-05-07 17:45,111,47,64,0,0,0
2020-05-07 18:00,154,78,76,0,0,0
2020-05-07 18:15,126,64,62,0,0,0
2020-05-07 18:30,111,58,53,0,0,0
2020-05-07 18:45,101,51,50,0,0,0
2020-05-07 19:00,101,58,43,0,0,0
2020-05-07 19:15,89,43,46,0,0,0
2020-05-07 19:30,87,43,44,0,0,0
2020-05-07 19:45,78,40,38,0,0,0
2020-05-07 20:00,63,33,30,0,0,0
2020-05-07 20:15,62,27,35,0,0,0
2020-05-07 20:30,70,28,42,0,0,0
2020-05-07 20:45,49,21,28,0,0,0
2020-05-07 21:00,53,24,29,0,0,0
2020-05-07 21:15,46,27,19,0,0,0
2020-05-07 21:30,36,18,18,0,0,0
2020-05-07 21:45,29,13,16,0,0,0
2020-05-07 22:00,28,16,12,0,0,0
2020-05-07 22:15,26,17,9,0,0,0
2020-05-07 22:30,19,7,12,0,0,0
2020-05-07 22:45,20,15,5,0,0,0
2020-05-07 23:00,20,9,11,0,0,0
2020-05-07 23:15,27,14,13,0,0,0
2020-05-07 23:30,14,6,8,0,0,0
2020-05-07 23:45,13,5,8,0,0,0
2020-05-08 00:00,20,8,12,0,0,0
2020-05-08 00:15,13,5,8,0,0,0
2020-05-08 00:30,7,1,6,0,0,0
2020-05-08 00:45,6,1,5,0,0,0
2020-05-08 01:00,6,3,3,0,0,0
2020-05-08 01:15,1,1,0,0,0,0
2020-05-08 01:30,8,3,5,0,0,0
2020-05-08 01:45,3,3,0,0,0,0
2020-05-08 02:00,4,2,2,0,0,0
2020-05-08 02:15,2,0,2,0,0,0
2020-05-08 02:30,1,1,0,0,0,0
2020-05-08 02:45,2,2,0,0,0,0
2020-05-08 03:00,0,0,0,0,0,0
2020-05-08 03:15,1,0,1,0,0,0
2020-05-08 03:30,1,0,1,0,0,0
2020-05-08 03:45,0,0,0,0,0,0
2020-05-08 04:00,3,1,2,0,0,0
2020-05-08 04:15,3,0,3,0,0,0
2020-05-08 04:30,4,0,4,0,0,0
2020-05-08 04:45,4,1,3,0,0,0
2020-05-08 05:00,2,2,0,0,0,0
2020-05-08 05:15,17,5,12,0,0,0
2020-05-08 05:30,16,7,9,0,0,0
2020-05-08 05:45,19,10,9,0,0,0
2020-05-08 06:00,15,6,9,0,0,0
2020-05-08 06:15,23,8,15,0,0,0
2020-05-08 06:30,34,13,21,0,0,0
2020-05-08 06:45,40,16,24,0,0,0
2020-05-08 07:00,66,38,28,0,0,0
2020-05-08 07:15,68,34,34,0,0,0
2020-05-08 07:30,102,45,57,0,0,0
2020-05-08 07:45,94,50,44,0,0,0
2020-05-08 08:00,75,42,33,0,0,0
2020-05-08 08:15,78,35,43,0,0,0
2020-05-08 08:30,93,46,47,0,0,0
2020-05-08 08:45,91,32,59,0,0,0
2020-05-08 09:00,89,45,44,0,0,0
2020-05-08 09:15,53,17,36,0,0,0
2020-05-08 09:30,71,30,41,0,0,0
2020-05-08 09:45,81,33,48,0,0,0
2020-05-08 10:00,60,21,39,0,0,0
2020-05-08 10:15,80,41,39,0,0,0
2020-05-08 10:30,81,39,42,0,0,0
2020-05-08 10:45,89,50,39,0,0,0
2020-05-08 11:00,87,39,48,0,0,0
2020-05-08 11:15,77,40,37,0,0,0
2020-05-08 11:30,83,34,49,0,0,0
2020-05-08 11:45,126,60,66,0,0,0
2020-05-08 12:00,88,46,42,0,0,0
2020-05-08 12:15,99,64,35,0,0,0
2020-05-08 12:30,114,45,69,0,0,0
2020-05-08 12:45,118,70,48,0,0,0
2020-05-08 13:00,126,51,75,0,0,0
2020-05-08 13:15,116,70,46,0,0,0
2020-05-08 13:30,102,48,54,0,0,0
2020-05-08 13:45,122,58,64,0,0,0
2020-05-08 14:00,114,65,49,0,0,0
2020-05-08 14:15,111,62,49,0,0,0
2020-05-08 14:30,123,60,63,0,0,0
2020-05-08 14:45,99,47,52,0,0,0
2020-05-08 15:00,113,51,62,0,0,0
2020-05-08 15:15,108,51,57,0,0,0
2020-05-08 15:30,121,66,55,0,0,0
2020-05-08 15:45,123,69,54,0,0,0
2020-05-08 16:00,124,62,62,0,0,0
2020-05-08 16:15,117,69,48,0,0,0
2020-05-08 16:30,98,42,56,0,0,0
2020-05-08 16:45,130,60,70,0,0,0
2020-05-08 17:00,138,70,68,0,0,0
2020-05-08 17:15,100,48,52,0,0,0
2020-05-08 17:30,113,64,49,0,0,0
2020-05-08 17:45,127,68,59,0,0,0
2020-05-08 18:00,127,78,49,0,0,0
2020-05-08 18:15,126,67,59,0,0,0
2020-05-08 18:30,97,42,55,0,0,0
2020-05-08 18:45,112,55,57,0,0,0
2020-05-08 19:00,91,45,46,0,0,0
2020-05-08 19:15,95,50,45,0,0,0
2020-05-08 19:30,53,34,19,0,0,0
2020-05-08 19:45,80,39,41,0,0,0
2020-05-08 20:00,64,33,31,0,0,0
2020-05-08 20:15,74,34,40,0,0,0
2020-05-08 20:30,59,31,28,0,0,0
2020-05-08 20:45,60,26,34,0,0,0
2020-05-08 21:00,45,21,24,0,0,0
2020-05-08 21:15,56,31,25,0,0,0
2020-05-08 21:30,46,18,28,0,0,0
2020-05-08 21:45,28,12,16,0,0,0
2020-05-08 22:00,37,13,24,0,0,0
2020-05-08 22:15,43,15,28,0,0,0
2020-05-08 22:30,32,8,24,0,0,0
2020-05-08 22:45,24,8,16,0,0,0
2020-05-08 23:00,34,8,26,0,0,0
2020-05-08 23:15,25,9,16,0,0,0
2020-05-08 23:30,22,7,15,0,0,0
2020-05-08 23:45,28,15,13,0,0,0
2020-05-09 00:00,26,12,14,0,0,0
2020-05-09 00:15,17,9,8,0,0,0
2020-05-09 00:30,15,4,11,0,0,0
2020-05-09 00:45,19,6,13,0,0,0
2020-05-09 01:00,14,8,6,0,0,0
2020-05-09 01:15,17,3,14,0,0,0
2020-05-09 01:30,13,8,5,0,0,0
2020-05-09 01:45,6,3,3,0,0,0
2020-05-09 02:00,14,7,7,0,0,0
2020-05-09 02:15,3,0,3,0,0,0
2020-05-09 02:30,10,8,2,0,0,0
2020-05-09 02:45,6,5,1,0,0,0
2020-05-09 03:00,0,0,0,0,0,0
2020-05-09 03:15,3,2,1,0,0,0
2020-05-09 03:30,4,2,2,0,0,0
2020-05-09 03:45,2,2,0,0,0,0
2020-05-09 04:00,1,0,1,0,0,0
2020-05-09 04:15,4,2,2,0,0,0
2020-05-09 04:30,0,0,0,0,0,0
2020-05-09 04:45,5,2,3,0,0,0
2020-05-09 05:00,0,0,0,0,0,0
2020-05-09 05:15,10,4,6,0,0,0
2020-05-09 05:30,6,1,5,0,0,0
2020-05-09 05:45,8,3,5,0,0,0
2020-05-09 06:00,7,1,6,0,0,0
2020-05-09 06:15,5,3,2,0,0,0
2020-05-09 06:30,5,1,4,0,0,0
2020-05-09 06:45,8,3,5,0,0,0
2020-05-09 07:00,10,5,5,0,0,0
2020-05-09 07:15,11,1,10,0,0,0
2020-05-09 07:30,18,8,10,0,0,0
2020-05-09 07:45,13,5,8,0,0,0
2020-05-09 08:00,25,9,16,0,0,0
2020-05-09 08:15,20,9,11,0,0,0
2020-05-09 08:30,25,10,15,0,0,0
2020-05-09 08:45,32,15,17,0,0,0
2020-05-09 09:00,44,22,22,0,0,0
2020-05-09 09:15,38,13,25,0,0,0
2020-05-09 09:30,47,19,28,0,0,0
2020-05-09 09:45,54,23,31,0,0,0
2020-05-09 10:00,51,23,28,0,0,0
2020-05-09 10:15,52,31,21,0,0,0
2020-05-09 10:30,70,31,39,0,0,0
2020-05-09 10:45,57,23,34,0,0,0
2020-05-09 11:00,82,39,43,0,0,0
2020-05-09 11:15,65,27,38,0,0,0
2020-05-09 11:30,107,50,57,0,0,0
2020-05-09 11:45,95,41,54,0,0,0
2020-05-09 12:00,83,46,37,0,0,0
2020-05-09 12:15,81,38,43,0,0,0
2020-05-09 12:30,78,43,35,0,0,0
2020-05-09 12:45,111,64,47,0,0,0
2020-05-09 13:00,85,40,45,0,0,0
2020-05-09 13:15,92,50,42,0,0,0
2020-05-09 13:30,111,75,36,0,0,0
2020-05-09 13:45,103,53,50,0,0,0
2020-05-09 14:00,94,54,40,0,0,0
2020-05-09 14:15,111,63,48,0,0,0
2020-05-09 14:30,107,60,47,0,0,0
2020-05-09 14:45,108,66,42,0,0,0
2020-05-09 15:00,101,56,45,0,0,0
2020-05-09 15:15,107,57,50,0,0,0
2020-05-09 15:30,87,39,48,0,0,0
2020-05-09 15:45,106,53,53,0,0,0
2020-05-09 16:00,84,47,37,0,0,0
2020-05-09 16:15,107,66,41,0,0,0
2020-05-09 16:30,100,30,70,0,0,0
2020-05-09 16:45,88,49,39,0,0,0
2020-05-09 17:00,81,34,47,0,0,0
2020-05-09 17:15,88,47,41,0,0,0
2020-05-09 17:30,96,65,31,0,0,0
2020-05-09 17:45,88,50,38,0,0,0
2020-05-09 18:00,114,65,49,0,0,0
2020-05-09 18:15,84,42,42,0,0,0
2020-05-09 18:30,81,43,38,0,0,0
2020-05-09 18:45,82,42,40,0,0,0
2020-05-09 19:00,84,40,44,0,0,0
2020-05-09 19:15,89,47,42,0,0,0
2020-05-09 19:30,80,37,43,0,0,0
2020-05-09 19:45,71,30,41,0,0,0
2020-05-09 20:00,78,50,28,0,0,0
2020-05-09 20:15,75,27,48,0,0,0
2020-05-09 20:30,63,34,29,0,0,0
2020-05-09 20:45,51,16,35,0,0,0
2020-05-09 21:00,46,26,20,0,0,0
2020-05-09 21:15,49,19,30,0,0,0
2020-05-09 21:30,33,7,26,0,0,0
2020-05-09 21:45,48,23,25,0,0,0
2020-05-09 22:00,47,19,28,0,0,0
2020-05-09 22:15,27,3,24,0,0,0
2020-05-09 22:30,30,12,18,0,0,0
2020-05-09 22:45,32,14,18,0,0,0
2020-05-09 23:00,20,7,13,0,0,0
2020-05-09 23:15,43,21,22,0,0,0
2020-05-09 23:30,31,7,24,0,0,0
2020-05-09 23:45,23,8,15,0,0,0
2020-05-10 00:00,19,6,13,0,0,0
2020-05-10 00:15,22,8,14,0,0,0
2020-05-10 00:30,7,1,6,0,0,0
2020-05-10 00:45,11,5,6,0,0,0
2020-05-10 01:00,16,11,5,0,0,0
2020-05-10 01:15,11,5,6,0,0,0
2020-05-10 01:30,23,5,18,0,0,0
2020-05-10 01:45,9,2,7,0,0,0
2020-05-10 02:00,7,2,5,0,0,0
2020-05-10 02:15,4,3,1,0,0,0
2020-05-10 02:30,3,1,2,0,0,0
2020-05-10 02:45,6,4,2,0,0,0
2020-05-10 03:00,3,1,2,0,0,0
2020-05-10 03:15,6,3,3,0,0,0
2020-05-10 03:30,1,0,1,0,0,0
2020-05-10 03:45,0,0,0,0,0,0
2020-05-10 04:00,6,0,6,0,0,0
2020-05-10 04:15,6,3,3,0,0,0
2020-05-10 04:30,1,1,0,0,0,0
2020-05-10 04:45,5,1,4,0,0,0
2020-05-10 05:00,0,0,0,0,0,0
2020-05-10 05:15,3,2,1,0,0,0
2020-05-10 05:30,5,1,4,0,0,0
2020-05-10 05:45,6,3,3,0,0,0
2020-05-10 06:00,1,0,1,0,0,0
2020-05-10 06:15,2,2,0,0,0,0
2020-05-10 06:30,4,2,2,0,0,0
2020-05-10 06:45,3,2,1,0,0,0
2020-05-10 07:00,8,3,5,0,0,0
2020-05-10 07:15,4,1,3,0,0,0
2020-05-10 07:30,12,7,5,0,0,0
2020-05-10 07:45,9,2,7,0,0,0
2020-05-10 08:00,5,2,3,0,0,0
2020-05-10 08:15,15,5,10,0,0,0
2020-05-10 08:30,12,5,7,0,0,0
2020-05-10 08:45,9,2,7,0,0,0
2020-05-10 09:00,15,4,11,0,0,0
2020-05-10 09:15,15,3,12,0,0,0
2020-05-10 09:30,16,6,10,0,0,0
2020-05-10 09:45,22,12,10,0,0,0
2020-05-10 10:00,26,16,10,0,0,0
2020-05-10 10:15,31,18,13,0,0,0
2020-05-10 10:30,26,11,15,0,0,0
2020-05-10 10:45,35,14,21,0,0,0
2020-05-10 11:00,24,8,16,0,0,0
2020-05-10 11:15,22,11,11,0,0,0
2020-05-10 11:30,32,14,18,0,0,0
2020-05-10 11:45,35,20,15,0,0,0
2020-05-10 12:00,48,25,23,0,0,0
2020-05-10 12:15,36,17,19,0,0,0
2020-05-10 12:30,45,17,28,0,0,0
2020-05-10 12:45,39,28,11,0,0,0
2020-05-10 13:00,58,23,35,0,0,0
2020-05-10 13:15,37,11,26,0,0,0
2020-05-10 13:30,38,18,20,0,0,0
2020-05-10 13:45,53,23,30,0,0,0
2020-05-10 14:00,54,30,24,0,0,0
2020-05-10 14:15,56,26,30,0,0,0
2020-05-10 14:30,56,31,25,0,0,0
2020-05-10 14:45,37,19,18,0,0,0
2020-05-10 15:00,53,32,21,0,0,0
2020-05-10 15:15,54,18,36,0,0,0
2020-05-10 15:30,56,20,36,0,0,0
2020-05-10 15:45,55,19,36,0,0,0
2020-05-10 16:00,51,27,24,0,0,0
2020-05-10 16:15,55,23,32,0,0,0
2020-05-10 16:30,58,25,33,0,0,0
2020-05-10 16:45,49,28,21,0,0,0
2020-05-10 17:00,53,22,31,0,0,0
2020-05-10 17:15,32,12,20,0,0,0
2020-05-10 17:30,52,27,25,0,0,0
2020-05-10 17:45,50,18,32,0,0,0
2020-05-10 18:00,57,26,31,0,0,0
2020-05-10 18:15,58,34,24,0,0,0
2020-05-10 18:30,55,23,32,0,0,0
2020-05-10 18:45,47,19,28,0,0,0
2020-05-10 19:00,55,24,31,0,0,0
2020-05-10 19:15,50,15,35,0,0,0
2020-05-10 19:30,47,21,26,0,0,0
2020-05-10 19:45,36,14,22,0,0,0
2020-05-10 20:00,23,11,12,0,0,0
2020-05-10 20:15,32,14,18,0,0,0
2020-05-10 20:30,30,19,11,0,0,0
2020-05-10 20:45,27,15,12,0,0,0
2020-05-10 21:00,19,11,8,0,0,0
2020-05-10 21:15,24,11,13,0,0,0
2020-05-10 21:30,22,12,10,0,0,0
2020-05-10 21:45,12,10,2,0,0,0
2020-05-10 22:00,11,6,5,0,0,0
2020-05-10 22:15,12,8,4,0,0,0
2020-05-10 22:30,14,9,5,0,0,0
2020-05-10 22:45,6,1,5,0,0,0
2020-05-10 23:00,6,1,5,0,0,0
2020-05-10 23:15,12,0,12,0,0,0
2020-05-10 23:30,9,3,6,0,0,0
2020-05-10 23:45,13,5,8,0,0,0
2020-05-11 00:00,2,0,2,0,0,0
2020-05-11 00:15,6,2,4,0,0,0
2020-05-11 00:30,7,2,5,0,0,0
2020-05-11 00:45,2,0,2,0,0,0
2020-05-11 01:00,3,0,3,0,0,0
2020-05-11 01:15,0,0,0,0,0,0
2020-05-11 01:30,1,0,1,0,0,0
2020-05-11 01:45,0,0,0,0,0,0
2020-05-11 02:00,4,3,1,0,0,0
2020-05-11 02:15,2,2,0,0,0,0
2020-05-11 02:30,0,0,0,0,0,0
2020-05-11 02:45,0,0,0,0,0,0
2020-05-11 03:00,1,0,1,0,0,0
2020-05-11 03:15,0,0,0,0,0,0
2020-05-11 03:30,0,0,0,0,0,0
2020-05-11 03:45,2,1,1,0,0,0
2020-05-11 04:00,2,0,2,0,0,0
2020-05-11 04:15,4,1,3,0,0,0
2020-05-11 04:30,2,1,1,0,0,0
2020-05-11 04:45,8,0,8,0,0,0
2020-05-11 05:00,3,0,3,0,0,0
2020-05-11 05:15,8,0,8,0,0,0
2020-05-11 05:30,13,6,7,0,0,0
2020-05-11 05:45,22,9,13,0,0,0
2020-05-11 06:00,34,12,22,0,0,0
2020-05-11 06:15,22,6,16,0,0,0
2020-05-11 06:30,40,17,23,0,0,0
2020-05-11 06:45,54,28,26,0,0,0
2020-05-11 07:00,66,38,28,0,0,0
2020-05-11 07:15,78,30,48,0,0,0
2020-05-11 07:30,114,60,54,0,0,0
2020-05-11 07:45,103,54,49,0,0,0
2020-05-11 08:00,80,40,40,0,0,0
2020-05-11 08:15,90,46,44,0,0,0
2020-05-11 08:30,83,41,42,0,0,0
2020-05-11 08:45,101,49,52,0,0,0
2020-05-11 09:00,53,25,28,0,0,0
2020-05-11 09:15,66,17,49,0,0,0
2020-05-11 09:30,60,17,43,0,0,0
2020-05-11 09:45,77,33,44,0,0,0
2020-05-11 10:00,70,27,43,0,0,0
2020-05-11 10:15,77,32,45,0,0,0
2020-05-11 10:30,85,36,49,0,0,0
2020-05-11 10:45,74,32,42,0,0,0
2020-05-11 11:00,85,36,49,0,0,0
2020-05-11 11:15,71,30,41,0,0,0
2020-05-11 11:30,85,43,42,0,0,0
2020-05-11 11:45,91,40,51,0,0,0
2020-05-11 12:00,91,36,55,0,0,0
2020-05-11 12:15,90,31,59,0,0,0
2020-05-11 12:30,101,49,52,0,0,0
2020-05-11 12:45,90,48,42,0,0,0
2020-05-11 13:00,98,49,49,0,0,0
2020-05-11 13:15,87,41,46,0,0,0
2020-05-11 13:30,98,51,47,0,0,0
2020-05-11 13:45,116,61,55,0,0,0
2020-05-11 14:00,98,52,46,0,0,0
2020-05-11 14:15,95,43,52,0,0,0
2020-05-11 14:30,99,49,50,0,0,0
2020-05-11 14:45,108,43,65,0,0,0
2020-05-11 15:00,84,41,43,0,0,0
2020-05-11 15:15,99,47,52,0,0,0
2020-05-11 15:30,80,34,46,0,0,0
2020-05-11 15:45,109,55,54,0,0,0
2020-05-11 16:00,106,46,60,0,0,0
2020-05-11 16:15,139,70,69,0,0,0
2020-05-11 16:30,111,51,60,0,0,0
2020-05-11 16:45,139,61,78,0,0,0
2020-05-11 17:00,141,66,75,0,0,0
2020-05-11 17:15,141,60,81,0,0,0
2020-05-11 17:30,95,48,47,0,0,0
2020-05-11 17:45,148,67,81,0,0,0
2020-05-11 18:00,112,49,63,0,0,0
2020-05-11 18:15,97,47,50,0,0,0
2020-05-11 18:30,91,37,54,0,0,0
2020-05-11 18:45,93,47,46,0,0,0
2020-05-11 19:00,86,36,50,0,0,0
2020-05-11 19:15,75,37,38,0,0,0
2020-05-11 19:30,53,26,27,0,0,0
2020-05-11 19:45,74,40,34,0,0,0
2020-05-11 20:00,80,37,43,0,0,0
2020-05-11 20:15,52,33,19,0,0,0
2020-05-11 20:30,39,16,23,0,0,0
2020-05-11 20:45,35,13,22,0,0,0
2020-05-11 21:00,33,13,20,0,0,0
2020-05-11 21:15,35,14,21,0,0,0
2020-05-11 21:30,24,16,8,0,0,0
2020-05-11 21:45,24,14,10,0,0,0
2020-05-11 22:00,28,16,12,0,0,0
2020-05-11 22:15,15,4,11,0,0,0
2020-05-11 22:30,14,10,4,0,0,0
2020-05-11 22:45,22,9,13,0,0,0
2020-05-11 23:00,13,5,8,0,0,0
2020-05-11 23:15,12,3,9,0,0,0
2020-05-11 23:30,15,1,14,0,0,0
2020-05-11 23:45,8,2,6,0,0,0
2020-05-12 00:00,8,3,5,0,0,0
2020-05-12 00:15,4,2,2,0,0,0
2020-05-12 00:30,5,3,2,0,0,0
2020-05-12 00:45,3,0,3,0,0,0
2020-05-12 01:00,4,3,1,0,0,0
2020-05-12 01:15,4,1,3,0,0,0
2020-05-12 01:30,4,3,1,0,0,0
2020-05-12 01:45,1,1,0,0,0,0
2020-05-12 02:00,0,0,0,0,0,0
2020-05-12 02:15,1,1,0,0,0,0
2020-05-12 02:30,1,0,1,0,0,0
2020-05-12 02:45,0,0,0,0,0,0
2020-05-12 03:00,2,1,1,0,0,0
2020-05-12 03:15,0,0,0,0,0,0
2020-05-12 03:30,3,1,2,0,0,0
2020-05-12 03:45,0,0,0,0,0,0
2020-05-12 04:00,4,0,4,0,0,0
2020-05-12 04:15,4,3,1,0,0,0
2020-05-12 04:30,3,1,2,0,0,0
2020-05-12 04:45,5,1,4,0,0,0
2020-05-12 05:00,4,1,3,0,0,0
2020-05-12 05:15,7,5,2,0,0,0
2020-05-12 05:30,13,0,13,0,0,0
2020-05-12 05:45,24,10,14,0,0,0
2020-05-12 06:00,25,11,14,0,0,0
2020-05-12 06:15,20,6,14,0,0,0
2020-05-12 06:30,33,14,19,0,0,0
2020-05-12 06:45,64,37,27,0,0,0
2020-05-12 07:00,53,29,24,0,0,0
2020-05-12 07:15,75,36,39,0,0,0
2020-05-12 07:30,104,44,60,0,0,0
2020-05-12 07:45,123,58,65,0,0,0
2020-05-12 08:00,88,42,46,0,0,0
2020-05-12 08:15,84,44,40,0,0,0
2020-05-12 08:30,91,41,50,0,0,0
2020-05-12 08:45,99,56,43,0,0,0
2020-05-12 09:00,66,24,42,0,0,0
2020-05-12 09:15,58,30,28,0,0,0
2020-05-12 09:30,89,33,56,0,0,0
2020-05-12 09:45,110,52,58,0,0,0
2020-05-12 10:00,67,25,42,0,0,0
2020-05-12 10:15,65,34,31,0,0,0
2020-05-12 10:30,69,32,37,0,0,0
2020-05-12 10:45,80,38,42,0,0,0
2020-05-12 11:00,79,26,53,0,0,0
2020-05-12 11:15,102,42,60,0,0,0
2020-05-12 11:30,106,39,67,0,0,0
2020-05-12 11:45,89,32,57,0,0,0
2020-05-12 12:00,85,33,52,0,0,0
2020-05-12 12:15,97,35,62,0,0,0
2020-05-12 12:30,92,52,40,0,0,0
2020-05-12 12:45,105,57,48,0,0,0
2020-05-12 13:00,96,41,55,0,0,0
2020-05-12 13:15,98,38,60,0,0,0
2020-05-12 13:30,91,43,48,0,0,0
2020-05-12 13:45,107,57,50,0,0,0
2020-05-12 14:00,129,63,66,0,0,0
2020-05-12 14:15,110,58,52,0,0,0
2020-05-12 14:30,85,58,27,0,0,0
2020-05-12 14:45,107,56,51,0,0,0
2020-05-12 15:00,98,49,49,0,0,0
2020-05-12 15:15,95,39,56,0,0,0
2020-05-12 15:30,113,54,59,0,0,0
2020-05-12 15:45,130,64,66,0,0,0
2020-05-12 16:00,118,64,54,0,0,0
2020-05-12 16:15,138,71,67,0,0,0
2020-05-12 16:30,142,71,71,0,0,0
2020-05-12 16:45,127,55,72,0,0,0
2020-05-12 17:00,123,51,72,0,0,0
2020-05-12 17:15,123,58,65,0,0,0
2020-05-12 17:30,114,52,62,0,0,0
2020-05-12 17:45,135,74,61,0,0,0
2020-05-12 18:00,113,56,57,0,0,0
2020-05-12 18:15,123,53,70,0,0,0
2020-05-12 18:30,116,45,71,0,0,0
2020-05-12 18:45,92,41,51,0,0,0
2020-05-12 19:00,86,37,49,0,0,0
2020-05-12 19:15,68,31,37,0,0,0
2020-05-12 19:30,57,24,33,0,0,0
2020-05-12 19:45,72,28,44,0,0,0
2020-05-12 20:00,58,36,22,0,0,0
2020-05-12 20:15,45,20,25,0,0,0
2020-05-12 20:30,24,9,15,0,0,0
2020-05-12 20:45,25,8,17,0,0,0
2020-05-12 21:00,20,12,8,0,0,0
2020-05-12 21:15,39,18,21,0,0,0
2020-05-12 21:30,39,16,23,0,0,0
2020-05-12 21:45,33,11,22,0,0,0
2020-05-12 22:00,23,13,10,0,0,0
2020-05-12 22:15,10,3,7,0,0,0
2020-05-12 22:30,16,8,8,0,0,0
2020-05-12 22:45,17,6,11,0,0,0
2020-05-12 23:00,14,9,5,0,0,0
2020-05-12 23:15,27,7,20,0,0,0
2020-05-12 23:30,24,4,20,0,0,0
2020-05-12 23:45,13,10,3,0,0,0
2020-05-13 00:00,5,3,2,0,0,0
2020-05-13 00:15,6,4,2,0,0,0
2020-05-13 00:30,6,3,3,0,0,0
2020-05-13 00:45,2,0,2,0,0,0
2020-05-13 01:00,4,3,1,0,0,0
2020-05-13 01:15,1,0,1,0,0,0
2020-05-13 01:30,3,2,1,0,0,0
2020-05-13 01:45,4,3,1,0,0,0
2020-05-13 02:00,1,1,0,0,0,0
2020-05-13 02:15,3,1,2,0,0,0
2020-05-13 02:30,3,1,2,0,0,0
2020-05-13 02:45,0,0,0,0,0,0
2020-05-13 03:00,0,0,0,0,0,0
2020-05-13 03:15,2,2,0,0,0,0
2020-05-13 03:30,2,0,2,0,0,0
2020-05-13 03:45,1,0,1,0,0,0
2020-05-13 04:00,2,1,1,0,0,0
2020-05-13 04:15,4,3,1,0,0,0
2020-05-13 04:30,1,0,1,0,0,0
2020-05-13 04:45,11,2,9,0,0,0
2020-05-13 05:00,5,0,5,0,0,0
2020-05-13 05:15,5,0,5,0,0,0
2020-05-13 05:30,18,8,10,0,0,0
2020-05-13 05:45,13,4,9,0,0,0
2020-05-13 06:00,35,13,22,0,0,0
2020-05-13 06:15,18,6,12,0,0,0
2020-05-13 06:30,39,17,22,0,0,0
2020-05-13 06:45,56,31,25,0,0,0
2020-05-13 07:00,53,30,23,0,0,0
2020-05-13 07:15,72,36,36,0,0,0
2020-05-13 07:30,104,44,60,0,0,0
2020-05-13 07:45,104,52,52,0,0,0
2020-05-13 08:00,111,58,53,0,0,0
2020-05-13 08:15,98,41,57,0,0,0
2020-05-13 08:30,91,48,43,0,0,0
2020-05-13 08:45,103,45,58,0,0,0
2020-05-13 09:00,81,29,52,0,0,0
2020-05-13 09:15,90,44,46,0,0,0
2020-05-13 09:30,57,20,37,0,0,0
2020-05-13 09:45,95,37,58,0,0,0
2020-05-13 10:00,82,41,41,0,0,0
2020-05-13 10:15,94,51,43,0,0,0
2020-05-13 10:30,76,32,44,0,0,0
2020-05-13 10:45,86,39,47,0,0,0
2020-05-13 11:00,86,33,53,0,0,0
2020-05-13 11:15,78,35,43,0,0,0
2020-05-13 11:30,101,40,61,0,0,0
2020-05-13 11:45,102,37,65,0,0,0
2020-05-13 12:00,122,53,69,0,0,0
2020-05-13 12:15,132,56,76,0,0,0
2020-05-13 12:30,110,53,57,0,0,0
2020-05-13 12:45,103,46,57,0,0,0
2020-05-13 13:00,113,65,48,0,0,0
2020-05-13 13:15,106,47,59,0,0,0
2020-05-13 13:30,113,59,54,0,0,0
2020-05-13 13:45,135,65,70,0,0,0
2020-05-13 14:00,96,46,50,0,0,0
2020-05-13 14:15,103,53,50,0,0,0
2020-05-13 14:30,102,53,49,0,0,0
2020-05-13 14:45,95,48,47,0,0,0
2020-05-13 15:00,88,43,45,0,0,0
2020-05-13 15:15,92,52,40,0,0,0
2020-05-13 15:30,106,59,47,0,0,0
2020-05-13 15:45,125,51,74,0,0,0
2020-05-13 16:00,114,60,54,0,0,0
2020-05-13 16:15,99,57,42,0,0,0
2020-05-13 16:30,104,54,50,0,0,0
2020-05-13 16:45,134,71,63,0,0,0
2020-05-13 17:00,134,54,80,0,0,0
2020-05-13 17:15,141,65,76,0,0,0
2020-05-13 17:30,109,40,69,0,0,0
2020-05-13 17:45,115,52,63,0,0,0
2020-05-13 18:00,115,49,66,0,0,0
2020-05-13 18:15,112,54,58,0,0,0
2020-05-13 18:30,83,32,51,0,0,0
2020-05-13 18:45,95,47,48,0,0,0
2020-05-13 19:00,94,42,52,0,0,0
2020-05-13 19:15,72,26,46,0,0,0
2020-05-13 19:30,65,23,42,0,0,0
2020-05-13 19:45,50,27,23,0,0,0
2020-05-13 20:00,61,30,31,0,0,0
2020-05-13 20:15,54,17,37,0,0,0
2020-05-13 20:30,46,25,21,0,0,0
2020-05-13 20:45,38,17,21,0,0,0
2020-05-13 21:00,20,8,12,0,0,0
2020-05-13 21:15,32,10,22,0,0,0
2020-05-13 21:30,32,15,17,0,0,0
2020-05-13 21:45,33,14,19,0,0,0
2020-05-13 22:00,37,11,26,0,0,0
2020-05-13 22:15,22,14,8,0,0,0
2020-05-13 22:30,26,6,20,0,0,0
2020-05-13 22:45,19,9,10,0,0,0
2020-05-13 23:00,17,12,5,0,0,0
2020-05-13 23:15,12,7,5,0,0,0
2020-05-13 23:30,21,9,12,0,0,0
2020-05-13 23:45,15,2,13,0,0,0
2020-05-14 00:00,10,2,8,0,0,0
2020-05-14 00:15,6,6,0,0,0,0
2020-05-14 00:30,2,1,1,0,0,0
2020-05-14 00:45,3,1,2,0,0,0
2020-05-14 01:00,4,3,1,0,0,0
2020-05-14 01:15,5,1,4,0,0,0
2020-05-14 01:30,3,1,2,0,0,0
2020-05-14 01:45,6,3,3,0,0,0
2020-05-14 02:00,2,1,1,0,0,0
2020-05-14 02:15,5,1,4,0,0,0
2020-05-14 02:30,2,0,2,0,0,0
2020-05-14 02:45,0,0,0,0,0,0
2020-05-14 03:00,2,0,2,0,0,0
2020-05-14 03:15,1,1,0,0,0,0
2020-05-14 03:30,1,1,0,0,0,0
2020-05-14 03:45,1,1,0,0,0,0
2020-05-14 04:00,2,0,2,0,0,0
2020-05-14 04:15,3,1,2,0,0,0
2020-05-14 04:30,3,2,1,0,0,0
2020-05-14 04:45,5,1,4,0,0,0
2020-05-14 05:00,6,1,5,0,0,0
2020-05-14 05:15,5,4,1,0,0,0
2020-05-14 05:30,14,5,9,0,0,0
2020-05-14 05:45,20,10,10,0,0,0
2020-05-14 06:00,25,7,18,0,0,0
2020-05-14 06:15,25,13,12,0,0,0
2020-05-14 06:30,36,15,21,0,0,0
2020-05-14 06:45,61,37,24,0,0,0
2020-05-14 07:00,57,36,21,0,0,0
2020-05-14 07:15,76,31,45,0,0,0
2020-05-14 07:30,103,58,45,0,0,0
2020-05-14 07:45,104,56,48,0,0,0
2020-05-14 08:00,93,45,48,0,0,0
2020-05-14 08:15,92,46,46,0,0,0
2020-05-14 08:30,115,47,68,0,0,0
2020-05-14 08:45,99,49,50,0,0,0
2020-05-14 09:00,83,42,41,0,0,0
2020-05-14 09:15,68,36,32,0,0,0
2020-05-14 09:30,76,32,44,0,0,0
2020-05-14 09:45,96,44,52,0,0,0
2020-05-14 10:00,92,37,55,0,0,0
2020-05-14 10:15,70,26,44,0,0,0
2020-05-14 10:30,69,33,36,0,0,0
2020-05-14 10:45,65,25,40,0,0,0
2020-05-14 11:00,79,28,51,0,0,0
2020-05-14 11:15,89,30,59,0,0,0
2020-05-14 11:30,83,40,43,0,0,0
2020-05-14 11:45,99,39,60,0,0,0
2020-05-14 12:00,102,44,58,0,0,0
2020-05-14 12:15,102,41,61,0,0,0
2020-05-14 12:30,110,55,55,0,0,0
2020-05-14 12:45,116,52,64,0,0,0
2020-05-14 13:00,107,54,53,0,0,0
2020-05-14 13:15,108,51,57,0,0,0
2020-05-14 13:30,101,44,57,0,0,0
2020-05-14 13:45,104,55,49,0,0,0
2020-05-14 14:00,110,49,61,0,0,0
2020-05-14 14:15,102,44,58,0,0,0
2020-05-14 14:30,91,51,40,0,0,0
2020-05-14 14:45,117,56,61,0,0,0
2020-05-14 15:00,118,59,59,0,0,0
2020-05-14 15:15,109,54,55,0,0,0
2020-05-14 15:30,120,50,70,0,0,0
2020-05-14 15:45,113,60,53,0,0,0
2020-05-14 16:00,147,61,86,0,0,0
2020-05-14 16:15,96,41,55,0,0,0
2020-05-14 16:30,133,77,56,0,0,0
2020-05-14 16:45,142,59,83,0,0,0
2020-05-14 17:00,149,69,80,0,0,0
2020-05-14 17:15,163,81,82,0,0,0
2020-05-14 17:30,136,61,75,0,0,0
2020-05-14 17:45,152,75,77,0,0,0
2020-05-14 18:00,119,52,67,0,0,0
2020-05-14 18:15,141,76,65,0,0,0
2020-05-14 18:30,115,59,56,0,0,0
2020-05-14 18:45,104,39,65,0,0,0
2020-05-14 19:00,87,36,51,0,0,0
2020-05-14 19:15,96,49,47,0,0,0
2020-05-14 19:30,74,38,36,0,0,0
2020-05-14 19:45,96,38,58,0,0,0
2020-05-14 20:00,86,43,43,0,0,0
2020-05-14 20:15,67,31,36,0,0,0
2020-05-14 20:30,60,29,31,0,0,0
2020-05-14 20:45,33,12,21,0,0,0
2020-05-14 21:00,50,23,27,0,0,0
2020-05-14 21:15,53,22,31,0,0,0
2020-05-14 21:30,35,11,24,0,0,0
2020-05-14 21:45,38,20,18,0,0,0
2020-05-14 22:00,38,12,26,0,0,0
2020-05-14 22:15,38,10,28,0,0,0
2020-05-14 22:30,22,9,13,0,0,0
2020-05-14 22:45,23,14,9,0,0,0
2020-05-14 23:00,30,12,18,0,0,0
2020-05-14 23:15,27,7,20,0,0,0
2020-05-14 23:30,15,8,7,0,0,0
2020-05-14 23:45,12,7,5,0,0,0
2020-05-15 00:00,20,8,12,0,0,0
2020-05-15 00:15,14,5,9,0,0,0
2020-05-15 00:30,16,1,15,0,0,0
2020-05-15 00:45,4,2,2,0,0,0
2020-05-15 01:00,6,3,3,0,0,0
2020-05-15 01:15,4,1,3,0,0,0
2020-05-15 01:30,6,2,4,0,0,0
2020-05-15 01:45,8,3,5,0,0,0
2020-05-15 02:00,6,1,5,0,0,0
2020-05-15 02:15,2,1,1,0,0,0
2020-05-15 02:30,1,0,1,0,0,0
2020-05-15 02:45,1,1,0,0,0,0
2020-05-15 03:00,1,1,0,0,0,0
2020-05-15 03:15,1,0,1,0,0,0
2020-05-15 03:30,1,0,1,0,0,0
2020-05-15 03:45,1,1,0,0,0,0
2020-05-15 04:00,6,0,6,0,0,0
2020-05-15 04:15,4,1,3,0,0,0
2020-05-15 04:30,5,2,3,0,0,0
2020-05-15 04:45,3,0,3,0,0,0
2020-05-15 05:00,6,0,6,0,0,0
2020-05-15 05:15,10,2,8,0,0,0
2020-05-15 05:30,13,2,11,0,0,0
2020-05-15 05:45,21,11,10,0,0,0
2020-05-15 06:00,20,5,15,0,0,0
2020-05-15 06:15,27,9,18,0,0,0
2020-05-15 06:30,38,13,25,0,0,0
2020-05-15 06:45,51,23,28,0,0,0
2020-05-15 07:00,60,32,28,0,0,0
2020-05-15 07:15,71,33,38,0,0,0
2020-05-15 07:30,106,47,59,0,0,0
2020-05-15 07:45,99,43,56,0,0,0
2020-05-15 08:00,73,35,38,0,0,0
2020-05-15 08:15,97,43,54,0,0,0
2020-05-15 08:30,73,38,35,0,0,0
2020-05-15 08:45,97,38,59,0,0,0
2020-05-15 09:00,51,23,28,0,0,0
2020-05-15 09:15,62,29,33,0,0,0
2020-05-15 09:30,65,25,40,0,0,0
2020-05-15 09:45,106,45,61,0,0,0
2020-05-15 10:00,79,33,46,0,0,0
2020-05-15 10:15,64,24,40,0,0,0
2020-05-15 10:30,87,33,54,0,0,0
2020-05-15 10:45,102,47,55,0,0,0
2020-05-15 11:00,80,36,44,0,0,0
2020-05-15 11:15,91,31,60,0,0,0
2020-05-15 11:30,105,42,63,0,0,0
2020-05-15 11:45,114,44,70,0,0,0
2020-05-15 12:00,91,42,49,0,0,0
2020-05-15 12:15,132,64,68,0,0,0
2020-05-15 12:30,128,64,64,0,0,0
2020-05-15 12:45,130,67,63,0,0,0
2020-05-15 13:00,122,52,70,0,0,0
2020-05-15 13:15,121,57,64,0,0,0
2020-05-15 13:30,134,71,63,0,0,0
2020-05-15 13:45,143,67,76,0,0,0
2020-05-15 14:00,95,44,51,0,0,0
2020-05-15 14:15,124,56,68,0,0,0
2020-05-15 14:30,132,63,69,0,0,0
2020-05-15 14:45,115,44,71,0,0,0
2020-05-15 15:00,118,58,60,0,0,0
2020-05-15 15:15,118,59,59,0,0,0
2020-05-15 15:30,151,72,79,0,0,0
2020-05-15 15:45,134,67,67,0,0,0
2020-05-15 16:00,126,64,62,0,0,0
2020-05-15 16:15,107,51,56,0,0,0
2020-05-15 16:30,114,49,65,0,0,0
2020-05-15 16:45,98,54,44,0,0,0
2020-05-15 17:00,126,56,70,0,0,0
2020-05-15 17:15,113,54,59,0,0,0
2020-05-15 17:30,106,56,50,0,0,0
2020-05-15 17:45,116,62,54,0,0,0
2020-05-15 18:00,111,58,53,0,0,0
2020-05-15 18:15,95,46,49,0,0,0
2020-05-15 18:30,111,51,60,0,0,0
2020-05-15 18:45,117,55,62,0,0,0
2020-05-15 19:00,113,49,64,0,0,0
2020-05-15 19:15,93,47,46,0,0,0
2020-05-15 19:30,77,40,37,0,0,0
2020-05-15 19:45,76,30,46,0,0,0
2020-05-15 20:00,59,33,26,0,0,0
2020-05-15 20:15,62,31,31,0,0,0
2020-05-15 20:30,62,24,38,0,0,0
2020-05-15 20:45,35,14,21,0,0,0
2020-05-15 21:00,39,12,27,0,0,0
2020-05-15 21:15,45,18,27,0,0,0
2020-05-15 21:30,39,24,15,0,0,0
2020-05-15 21:45,49,21,28,0,0,0
2020-05-15 22:00,29,8,21,0,0,0
2020-05-15 22:15,28,14,14,0,0,0
2020-05-15 22:30,28,10,18,0,0,0
2020-05-15 22:45,20,6,14,0,0,0
2020-05-15 23:00,23,15,8,0,0,0
2020-05-15 23:15,39,12,27,0,0,0
2020-05-15 23:30,31,10,21,0,0,0
2020-05-15 23:45,26,10,16,0,0,0
2020-05-16 00:00,20,8,12,0,0,0
2020-05-16 00:15,17,8,9,0,0,0
2020-05-16 00:30,16,9,7,0,0,0
2020-05-16 00:45,9,5,4,0,0,0
2020-05-16 01:00,16,6,10,0,0,0
2020-05-16 01:15,10,6,4,0,0,0
2020-05-16 01:30,10,4,6,0,0,0
2020-05-16 01:45,18,3,15,0,0,0
2020-05-16 02:00,11,5,6,0,0,0
2020-05-16 02:15,6,4,2,0,0,0
2020-05-16 02:30,9,2,7,0,0,0
2020-05-16 02:45,3,2,1,0,0,0
2020-05-16 03:00,3,1,2,0,0,0
2020-05-16 03:15,2,2,0,0,0,0
2020-05-16 03:30,3,0,3,0,0,0
2020-05-16 03:45,4,4,0,0,0,0
2020-05-16 04:00,0,0,0,0,0,0
2020-05-16 04:15,6,2,4,0,0,0
2020-05-16 04:30,4,4,0,0,0,0
2020-05-16 04:45,4,1,3,0,0,0
2020-05-16 05:00,0,0,0,0,0,0
2020-05-16 05:15,2,1,1,0,0,0
2020-05-16 05:30,7,1,6,0,0,0
2020-05-16 05:45,5,1,4,0,0,0
2020-05-16 06:00,5,2,3,0,0,0
2020-05-16 06:15,5,1,4,0,0,0
2020-05-16 06:30,7,2,5,0,0,0
2020-05-16 06:45,6,1,5,0,0,0
2020-05-16 07:00,6,3,3,0,0,0
2020-05-16 07:15,7,1,6,0,0,0
2020-05-16 07:30,17,5,12,0,0,0
2020-05-16 07:45,13,7,6,0,0,0
2020-05-16 08:00,18,8,10,0,0,0
2020-05-16 08:15,42,16,26,0,0,0
2020-05-16 08:30,25,10,15,0,0,0
2020-05-16 08:45,37,16,21,0,0,0
2020-05-16 09:00,33,10,23,0,0,0
2020-05-16 09:15,34,13,21,0,0,0
2020-05-16 09:30,38,15,23,0,0,0
2020-05-16 09:45,57,22,35,0,0,0
2020-05-16 10:00,54,24,30,0,0,0
2020-05-16 10:15,69,33,36,0,0,0
2020-05-16 10:30,64,29,35,0,0,0
2020-05-16 10:45,77,24,53,0,0,0
2020-05-16 11:00,93,41,52,0,0,0
2020-05-16 11:15,83,30,53,0,0,0
2020-05-16 11:30,66,27,39,0,0,0
2020-05-16 11:45,94,38,56,0,0,0
2020-05-16 12:00,92,48,44,0,0,0
2020-05-16 12:15,91,36,55,0,0,0
2020-05-16 12:30,102,52,50,0,0,0
2020-05-16 12:45,104,49,55,0,0,0
2020-05-16 13:00,100,48,52,0,0,0
2020-05-16 13:15,89,47,42,0,0,0
2020-05-16 13:30,74,29,45,0,0,0
2020-05-16 13:45,99,39,60,0,0,0
2020-05-16 14:00,79,40,39,0,0,0
2020-05-16 14:15,103,46,57,0,0,0
2020-05-16 14:30,96,54,42,0,0,0
2020-05-16 14:45,132,68,64,0,0,0
2020-05-16 15:00,114,57,57,0,0,0
2020-05-16 15:15,116,60,56,0,0,0
2020-05-16 15:30,88,46,42,0,0,0
2020-05-16 15:45,93,38,55,0,0,0
2020-05-16 16:00,94,52,42,0,0,0
2020-05-16 16:15,72,38,34,0,0,0
2020-05-16 16:30,75,41,34,0,0,0
2020-05-16 16:45,84,38,46,0,0,0
2020-05-16 17:00,87,51,36,0,0,0
2020-05-16 17:15,65,31,34,0,0,0
2020-05-16 17:30,100,49,51,0,0,0
2020-05-16 17:45,73,40,33,0,0,0
2020-05-16 18:00,105,62,43,0,0,0
2020-05-16 18:15,94,64,30,0,0,0
2020-05-16 18:30,100,53,47,0,0,0
2020-05-16 18:45,77,34,43,0,0,0
2020-05-16 19:00,83,48,35,0,0,0
2020-05-16 19:15,87,49,38,0,0,0
2020-05-16 19:30,69,43,26,0,0,0
2020-05-16 19:45,79,39,40,0,0,0
2020-05-16 20:00,64,34,30,0,0,0
2020-05-16 20:15,62,23,39,0,0,0
2020-05-16 20:30,56,30,26,0,0,0
2020-05-16 20:45,51,12,39,0,0,0
2020-05-16 21:00,47,23,24,0,0,0
2020-05-16 21:15,59,23,36,0,0,0
2020-05-16 21:30,42,14,28,0,0,0
2020-05-16 21:45,43,15,28,0,0,0
2020-05-16 22:00,32,10,22,0,0,0
2020-05-16 22:15,43,12,31,0,0,0
2020-05-16 22:30,30,14,16,0,0,0
2020-05-16 22:45,33,16,17,0,0,0
2020-05-16 23:00,19,4,15,0,0,0
2020-05-16 23:15,28,11,17,0,0,0
2020-05-16 23:30,31,10,21,0,0,0
2020-05-16 23:45,28,7,21,0,0,0
2020-05-17 00:00,30,9,21,0,0,0
2020-05-17 00:15,26,8,18,0,0,0
2020-05-17 00:30,23,9,14,0,0,0
2020-05-17 00:45,24,5,19,0,0,0
2020-05-17 01:00,15,6,9,0,0,0
2020-05-17 01:15,21,7,14,0,0,0
2020-05-17 01:30,15,6,9,0,0,0
2020-05-17 01:45,2,1,1,0,0,0
2020-05-17 02:00,13,7,6,0,0,0
2020-05-17 02:15,14,7,7,0,0,0
2020-05-17 02:30,14,1,13,0,0,0
2020-05-17 02:45,7,4,3,0,0,0
2020-05-17 03:00,11,2,9,0,0,0
2020-05-17 03:15,14,5,9,0,0,0
2020-05-17 03:30,1,0,1,0,0,0
2020-05-17 03:45,4,4,0,0,0,0
2020-05-17 04:00,3,2,1,0,0,0
2020-05-17 04:15,1,0,1,0,0,0
2020-05-17 04:30,0,0,0,0,0,0
2020-05-17 04:45,2,0,2,0,0,0
2020-05-17 05:00,2,1,1,0,0,0
2020-05-17 05:15,1,1,0,0,0,0
2020-05-17 05:30,4,0,4,0,0,0
2020-05-17 05:45,3,0,3,0,0,0
2020-05-17 06:00,5,2,3,0,0,0
2020-05-17 06:15,2,2,0,0,0,0
2020-05-17 06:30,5,3,2,0,0,0
2020-05-17 06:45,6,3,3,0,0,0
2020-05-17 07:00,7,5,2,0,0,0
2020-05-17 07:15,5,2,3,0,0,0
2020-05-17 07:30,3,2,1,0,0,0
2020-05-17 07:45,4,3,1,0,0,0
2020-05-17 08:00,12,4,8,0,0,0
2020-05-17 08:15,8,5,3,0,0,0
2020-05-17 08:30,9,7,2,0,0,0
2020-05-17 08:45,14,5,9,0,0,0
2020-05-17 09:00,16,6,10,0,0,0
2020-05-17 09:15,20,8,12,0,0,0
2020-05-17 09:30,24,10,14,0,0,0
2020-05-17 09:45,28,15,13,0,0,0
2020-05-17 10:00,30,15,15,0,0,0
2020-05-17 10:15,30,17,13,0,0,0
2020-05-17 10:30,26,10,16,0,0,0
2020-05-17 10:45,33,12,21,0,0,0
2020-05-17 11:00,33,14,19,0,0,0
2020-05-17 11:15,48,20,28,0,0,0
2020-05-17 11:30,51,25,26,0,0,0
2020-05-17 11:45,50,26,24,0,0,0
2020-05-17 12:00,49,19,30,0,0,0
2020-05-17 12:15,74,38,36,0,0,0
2020-05-17 12:30,49,26,23,0,0,0
2020-05-17 12:45,68,27,41,0,0,0
2020-05-17 13:00,63,44,19,0,0,0
2020-05-17 13:15,54,27,27,0,0,0
2020-05-17 13:30,66,28,38,0,0,0
2020-05-17 13:45,95,51,44,0,0,0
2020-05-17 14:00,86,43,43,0,0,0
2020-05-17 14:15,71,36,35,0,0,0
2020-05-17 14:30,47,16,31,0,0,0
2020-05-17 14:45,71,28,43,0,0,0
2020-05-17 15:00,77,38,39,0,0,0
2020-05-17 15:15,79,38,41,0,0,0
2020-05-17 15:30,99,51,48,0,0,0
2020-05-17 15:45,69,32,37,0,0,0
2020-05-17 16:00,83,35,48,0,0,0
2020-05-17 16:15,68,26,42,0,0,0
2020-05-17 16:30,79,40,39,0,0,0
2020-05-17 16:45,60,34,26,0,0,0
2020-05-17 17:00,90,44,46,0,0,0
2020-05-17 17:15,60,28,32,0,0,0
2020-05-17 17:30,80,45,35,0,0,0
2020-05-17 17:45,87,43,44,0,0,0
2020-05-17 18:00,57,22,35,0,0,0
2020-05-17 18:15,73,36,37,0,0,0
2020-05-17 18:30,61,31,30,0,0,0
2020-05-17 18:45,69,41,28,0,0,0
2020-05-17 19:00,68,33,35,0,0,0
2020-05-17 19:15,66,23,43,0,0,0
2020-05-17 19:30,69,24,45,0,0,0
2020-05-17 19:45,63,26,37,0,0,0
2020-05-17 20:00,35,16,19,0,0,0
2020-05-17 20:15,58,25,33,0,0,0
2020-05-17 20:30,37,15,22,0,0,0
2020-05-17 20:45,42,8,34,0,0,0
2020-05-17 21:00,49,26,23,0,0,0
2020-05-17 21:15,37,11,26,0,0,0
2020-05-17 21:30,33,16,17,0,0,0
2020-05-17 21:45,28,15,13,0,0,0
2020-05-17 22:00,36,13,23,0,0,0
2020-05-17 22:15,22,7,15,0,0,0
2020-05-17 22:30,22,10,12,0,0,0
2020-05-17 22:45,19,6,13,0,0,0
2020-05-17 23:00,18,5,13,0,0,0
2020-05-17 23:15,12,6,6,0,0,0
2020-05-17 23:30,9,5,4,0,0,0
2020-05-17 23:45,5,3,2,0,0,0
2020-05-18 00:00,9,2,7,0,0,0
2020-05-18 00:15,22,4,18,0,0,0
2020-05-18 00:30,6,3,3,0,0,0
2020-05-18 00:45,5,0,5,0,0,0
2020-05-18 01:00,4,4,0,0,0,0
2020-05-18 01:15,3,2,1,0,0,0
2020-05-18 01:30,1,1,0,0,0,0
2020-05-18 01:45,4,1,3,0,0,0
2020-05-18 02:00,0,0,0,0,0,0
2020-05-18 02:15,5,3,2,0,0,0
2020-05-18 02:30,1,0,1,0,0,0
2020-05-18 02:45,0,0,0,0,0,0
2020-05-18 03:00,1,0,1,0,0,0
2020-05-18 03:15,0,0,0,0,0,0
2020-05-18 03:30,2,1,1,0,0,0
2020-05-18 03:45,1,0,1,0,0,0
2020-05-18 04:00,2,2,0,0,0,0
2020-05-18 04:15,4,0,4,0,0,0
2020-05-18 04:30,2,0,2,0,0,0
2020-05-18 04:45,10,2,8,0,0,0
2020-05-18 05:00,1,1,0,0,0,0
2020-05-18 05:15,9,2,7,0,0,0
2020-05-18 05:30,19,7,12,0,0,0
2020-05-18 05:45,14,6,8,0,0,0
2020-05-18 06:00,23,8,15,0,0,0
2020-05-18 06:15,22,9,13,0,0,0
2020-05-18 06:30,51,15,36,0,0,0
2020-05-18 06:45,65,39,26,0,0,0
2020-05-18 07:00,61,27,34,0,0,0
2020-05-18 07:15,89,37,52,0,0,0
2020-05-18 07:30,124,55,69,0,0,0
2020-05-18 07:45,123,60,63,0,0,0
2020-05-18 08:00,97,51,46,0,0,0
2020-05-18 08:15,101,59,42,0,0,0
2020-05-18 08:30,117,52,65,0,0,0
2020-05-18 08:45,100,41,59,0,0,0
2020-05-18 09:00,73,31,42,0,0,0
2020-05-18 09:15,82,37,45,0,0,0
2020-05-18 09:30,72,31,41,0,0,0
2020-05-18 09:45,83,32,51,0,0,0
2020-05-18 10:00,78,34,44,0,0,0
2020-05-18 10:15,83,30,53,0,0,0
2020-05-18 10:30,91,36,55,0,0,0
2020-05-18 10:45,124,51,73,0,0,0
2020-05-18 11:00,103,45,58,0,0,0
2020-05-18 11:15,80,26,54,0,0,0
2020-05-18 11:30,111,48,63,0,0,0
2020-05-18 11:45,106,36,70,0,0,0
2020-05-18 12:00,96,35,61,0,0,0
2020-05-18 12:15,112,44,68,0,0,0
2020-05-18 12:30,119,61,58,0,0,0
2020-05-18 12:45,129,66,63,0,0,0
2020-05-18 13:00,113,50,63,0,0,0
2020-05-18 13:15,119,62,57,0,0,0
2020-05-18 13:30,108,54,54,0,0,0
2020-05-18 13:45,124,64,60,0,0,0
2020-05-18 14:00,103,56,47,0,0,0
2020-05-18 14:15,106,48,58,0,0,0
2020-05-18 14:30,116,50,66,0,0,0
2020-05-18 14:45,121,58,63,0,0,0
2020-05-18 15:00,125,49,76,0,0,0
2020-05-18 15:15,117,57,60,0,0,0
2020-05-18 15:30,137,77,60,0,0,0
2020-05-18 15:45,147,74,73,0,0,0
2020-05-18 16:00,160,85,75,0,0,0
2020-05-18 16:15,147,74,73,0,0,0
2020-05-18 16:30,148,74,74,0,0,0
2020-05-18 16:45,132,62,70,0,0,0
2020-05-18 17:00,170,86,84,0,0,0
2020-05-18 17:15,169,80,89,0,0,0
2020-05-18 17:30,164,75,89,0,0,0
2020-05-18 17:45,140,63,77,0,0,0
2020-05-18 18:00,132,72,60,0,0,0
2020-05-18 18:15,124,69,55,0,0,0
2020-05-18 18:30,110,55,55,0,0,0
2020-05-18 18:45,124,54,70,0,0,0
2020-05-18 19:00,113,59,54,0,0,0
2020-05-18 19:15,92,57,35,0,0,0
2020-05-18 19:30,96,52,44,0,0,0
2020-05-18 19:45,82,43,39,0,0,0
2020-05-18 20:00,92,47,45,0,0,0
2020-05-18 20:15,57,22,35,0,0,0
2020-05-18 20:30,81,42,39,0,0,0
2020-05-18 20:45,55,22,33,0,0,0
2020-05-18 21:00,54,26,28,0,0,0
2020-05-18 21:15,52,24,28,0,0,0
2020-05-18 21:30,52,20,32,0,0,0
2020-05-18 21:45,41,17,24,0,0,0
2020-05-18 22:00,38,12,26,0,0,0
2020-05-18 22:15,29,14,15,0,0,0
2020-05-18 22:30,25,7,18,0,0,0
2020-05-18 22:45,33,16,17,0,0,0
2020-05-18 23:00,17,9,8,0,0,0
2020-05-18 23:15,13,5,8,0,0,0
2020-05-18 23:30,13,4,9,0,0,0
2020-05-18 23:45,10,4,6,0,0,0
2020-05-19 00:00,10,3,7,0,0,0
2020-05-19 00:15,13,6,7,0,0,0
2020-05-19 00:30,8,3,5,0,0,0
2020-05-19 00:45,8,8,0,0,0,0
2020-05-19 01:00,8,1,7,0,0,0
2020-05-19 01:15,6,4,2,0,0,0
2020-05-19 01:30,4,3,1,0,0,0
2020-05-19 01:45,3,2,1,0,0,0
2020-05-19 02:00,3,2,1,0,0,0
2020-05-19 02:15,0,0,0,0,0,0
2020-05-19 02:30,2,0,2,0,0,0
2020-05-19 02:45,1,0,1,0,0,0
2020-05-19 03:00,1,1,0,0,0,0
2020-05-19 03:15,2,0,2,0,0,0
2020-05-19 03:30,0,0,0,0,0,0
2020-05-19 03:45,1,0,1,0,0,0
2020-05-19 04:00,4,3,1,0,0,0
2020-05-19 04:15,1,0,1,0,0,0
2020-05-19 04:30,0,0,0,0,0,0
2020-05-19 04:45,6,1,5,0,0,0
2020-05-19 05:00,0,0,0,0,0,0
2020-05-19 05:15,5,3,2,0,0,0
2020-05-19 05:30,14,3,11,0,0,0
2020-05-19 05:45,19,10,9,0,0,0
2020-05-19 06:00,29,8,21,0,0,0
2020-05-19 06:15,40,10,30,0,0,0
2020-05-19 06:30,40,18,22,0,0,0
2020-05-19 06:45,43,32,11,0,0,0
2020-05-19 07:00,70,37,33,0,0,0
2020-05-19 07:15,85,33,52,0,0,0
2020-05-19 07:30,108,50,58,0,0,0
2020-05-19 07:45,108,63,45,0,0,0
2020-05-19 08:00,107,51,56,0,0,0
2020-05-19 08:15,123,56,67,0,0,0
2020-05-19 08:30,113,40,73,0,0,0
2020-05-19 08:45,97,47,50,0,0,0
2020-05-19 09:00,80,37,43,0,0,0
2020-05-19 09:15,74,33,41,0,0,0
2020-05-19 09:30,91,36,55,0,0,0
2020-05-19 09:45,96,44,52,0,0,0
2020-05-19 10:00,87,44,43,0,0,0
2020-05-19 10:15,80,32,48,0,0,0
2020-05-19 10:30,84,34,50,0,0,0
2020-05-19 10:45,101,40,61,0,0,0
2020-05-19 11:00,88,42,46,0,0,0
2020-05-19 11:15,76,36,40,0,0,0
2020-05-19 11:30,85,36,49,0,0,0
2020-05-19 11:45,103,54,49,0,0,0
2020-05-19 12:00,131,62,69,0,0,0
2020-05-19 12:15,122,54,68,0,0,0
2020-05-19 12:30,131,63,68,0,0,0
2020-05-19 12:45,122,61,61,0,0,0
2020-05-19 13:00,123,57,66,0,0,0
2020-05-19 13:15,109,55,54,0,0,0
2020-05-19 13:30,104,54,50,0,0,0
2020-05-19 13:45,137,72,65,0,0,0
2020-05-19 14:00,128,70,58,0,0,0
2020-05-19 14:15,139,59,80,0,0,0
2020-05-19 14:30,115,58,57,0,0,0
2020-05-19 14:45,115,58,57,0,0,0
2020-05-19 15:00,122,60,62,0,0,0
2020-05-19 15:15,112,53,59,0,0,0
2020-05-19 15:30,131,58,73,0,0,0
2020-05-19 15:45,127,54,73,0,0,0
2020-05-19 16:00,143,88,55,0,0,0
2020-05-19 16:15,139,61,78,0,0,0
2020-05-19 16:30,167,70,97,0,0,0
2020-05-19 16:45,150,71,79,0,0,0
2020-05-19 17:00,169,78,91,0,0,0
2020-05-19 17:15,143,69,74,0,0,0
2020-05-19 17:30,156,78,78,0,0,0
2020-05-19 17:45,140,77,63,0,0,0
2020-05-19 18:00,150,85,65,0,0,0
2020-05-19 18:15,147,64,83,0,0,0
2020-05-19 18:30,127,64,63,0,0,0
2020-05-19 18:45,117,65,52,0,0,0
2020-05-19 19:00,108,50,58,0,0,0
2020-05-19 19:15,108,59,49,0,0,0
2020-05-19 19:30,85,43,42,0,0,0
2020-05-19 19:45,105,41,64,0,0,0
2020-05-19 20:00,76,40,36,0,0,0
2020-05-19 20:15,73,30,43,0,0,0
2020-05-19 20:30,65,20,45,0,0,0
2020-05-19 20:45,66,32,34,0,0,0
2020-05-19 21:00,46,16,30,0,0,0
2020-05-19 21:15,59,19,40,0,0,0
2020-05-19 21:30,41,13,28,0,0,0
2020-05-19 21:45,44,17,27,0,0,0
2020-05-19 22:00,30,15,15,0,0,0
2020-05-19 22:15,35,10,25,0,0,0
2020-05-19 22:30,36,9,27,0,0,0
2020-05-19 22:45,42,13,29,0,0,0
2020-05-19 23:00,29,5,24,0,0,0
2020-05-19 23:15,20,9,11,0,0,0
2020-05-19 23:30,17,8,9,0,0,0
2020-05-19 23:45,19,11,8,0,0,0
2020-05-20 00:00,10,2,8,0,0,0
2020-05-20 00:15,17,8,9,0,0,0
2020-05-20 00:30,7,3,4,0,0,0
2020-05-20 00:45,14,10,4,0,0,0
2020-05-20 01:00,3,1,2,0,0,0
2020-05-20 01:15,5,2,3,0,0,0
2020-05-20 01:30,2,1,1,0,0,0
2020-05-20 01:45,6,1,5,0,0,0
2020-05-20 02:00,5,2,3,0,0,0
2020-05-20 02:15,1,0,1,0,0,0
2020-05-20 02:30,3,2,1,0,0,0
2020-05-20 02:45,0,0,0,0,0,0
2020-05-20 03:00,1,1,0,0,0,0
2020-05-20 03:15,1,0,1,0,0,0
2020-05-20 03:30,3,1,2,0,0,0
2020-05-20 03:45,1,0,1,0,0,0
2020-05-20 04:00,2,1,1,0,0,0
2020-05-20 04:15,3,0,3,0,0,0
2020-05-20 04:30,2,1,1,0,0,0
2020-05-20 04:45,5,1,4,0,0,0
2020-05-20 05:00,10,3,7,0,0,0
2020-05-20 05:15,14,6,8,0,0,0
2020-05-20 05:30,10,3,7,0,0,0
2020-05-20 05:45,18,6,12,0,0,0
2020-05-20 06:00,23,2,21,0,0,0
2020-05-20 06:15,29,9,20,0,0,0
2020-05-20 06:30,49,22,27,0,0,0
2020-05-20 06:45,54,28,26,0,0,0
2020-05-20 07:00,53,38,15,0,0,0
2020-05-20 07:15,69,30,39,0,0,0
2020-05-20 07:30,132,59,73,0,0,0
2020-05-20 07:45,127,75,52,0,0,0
2020-05-20 08:00,96,49,47,0,0,0
2020-05-20 08:15,120,55,65,0,0,0
2020-05-20 08:30,100,47,53,0,0,0
2020-05-20 08:45,103,39,64,0,0,0
2020-05-20 09:00,79,44,35,0,0,0
2020-05-20 09:15,102,39,63,0,0,0
2020-05-20 09:30,79,40,39,0,0,0
2020-05-20 09:45,123,42,81,0,0,0
2020-05-20 10:00,89,35,54,0,0,0
2020-05-20 10:15,91,36,55,0,0,0
2020-05-20 10:30,110,55,55,0,0,0
2020-05-20 10:45,106,49,57,0,0,0
2020-05-20 11:00,104,55,49,0,0,0
2020-05-20 11:15,100,45,55,0,0,0
2020-05-20 11:30,112,45,67,0,0,0
2020-05-20 11:45,128,52,76,0,0,0
2020-05-20 12:00,133,62,71,0,0,0
2020-05-20 12:15,130,59,71,0,0,0
2020-05-20 12:30,144,68,76,0,0,0
2020-05-20 12:45,124,50,74,0,0,0
2020-05-20 13:00,153,87,66,0,0,0
2020-05-20 13:15,114,45,69,0,0,0
2020-05-20 13:30,132,66,66,0,0,0
2020-05-20 13:45,130,62,68,0,0,0
2020-05-20 14:00,135,69,66,0,0,0
2020-05-20 14:15,128,71,57,0,0,0
2020-05-20 14:30,116,51,65,0,0,0
2020-05-20 14:45,142,73,69,0,0,0
2020-05-20 15:00,130,58,72,0,0,0
2020-05-20 15:15,134,77,57,0,0,0
2020-05-20 15:30,113,51,62,0,0,0
2020-05-20 15:45,113,50,63,0,0,0
2020-05-20 16:00,133,58,75,0,0,0
2020-05-20 16:15,152,78,74,0,0,0
2020-05-20 16:30,146,62,84,0,0,0
2020-05-20 16:45,199,88,111,0,0,0
2020-05-20 17:00,144,85,59,0,0,0
2020-05-20 17:15,159,82,77,0,0,0
2020-05-20 17:30,146,73,73,0,0,0
2020-05-20 17:45,142,74,68,0,0,0
2020-05-20 18:00,152,89,63,0,0,0
2020-05-20 18:15,144,72,72,0,0,0
2020-05-20 18:30,134,64,70,0,0,0
2020-05-20 18:45,140,63,77,0,0,0
2020-05-20 19:00,121,54,67,0,0,0
2020-05-20 19:15,109,61,48,0,0,0
2020-05-20 19:30,85,50,35,0,0,0
2020-05-20 19:45,86,51,35,0,0,0
2020-05-20 20:00,89,48,41,0,0,0
2020-05-20 20:15,106,56,50,0,0,0
2020-05-20 20:30,63,34,29,0,0,0
2020-05-20 20:45,53,29,24,0,0,0
2020-05-20 21:00,52,25,27,0,0,0
2020-05-20 21:15,45,22,23,0,0,0
2020-05-20 21:30,41,17,24,0,0,0
2020-05-20 21:45,43,19,24,0,0,0
2020-05-20 22:00,42,17,25,0,0,0
2020-05-20 22:15,47,12,35,0,0,0
2020-05-20 22:30,57,25,32,0,0,0
2020-05-20 22:45,28,13,15,0,0,0
2020-05-20 23:00,32,15,17,0,0,0
2020-05-20 23:15,35,11,24,0,0,0
2020-05-20 23:30,41,12,29,0,0,0
2020-05-20 23:45,24,11,13,0,0,0
2020-05-21 00:00,24,9,15,0,0,0
2020-05-21 00:15,19,6,13,0,0,0
2020-05-21 00:30,34,16,18,0,0,0
2020-05-21 00:45,30,12,18,0,0,0
2020-05-21 01:00,14,8,6,0,0,0
2020-05-21 01:15,16,7,9,0,0,0
2020-05-21 01:30,16,5,11,0,0,0
2020-05-21 01:45,16,5,11,0,0,0
2020-05-21 02:00,7,1,6,0,0,0
2020-05-21 02:15,13,5,8,0,0,0
2020-05-21 02:30,4,2,2,0,0,0
2020-05-21 02:45,9,3,6,0,0,0
2020-05-21 03:00,2,1,1,0,0,0
2020-05-21 03:15,0,0,0,0,0,0
2020-05-21 03:30,7,0,7,0,0,0
2020-05-21 03:45,8,3,5,0,0,0
2020-05-21 04:00,6,2,4,0,0,0
2020-05-21 04:15,5,2,3,0,0,0
2020-05-21 04:30,3,1,2,0,0,0
2020-05-21 04:45,2,1,1,0,0,0
2020-05-21 05:00,5,2,3,0,0,0
2020-05-21 05:15,5,2,3,0,0,0
2020-05-21 05:30,4,1,3,0,0,0
2020-05-21 05:45,5,3,2,0,0,0
2020-05-21 06:00,4,3,1,0,0,0
2020-05-21 06:15,3,1,2,0,0,0
2020-05-21 06:30,4,2,2,0,0,0
2020-05-21 06:45,6,3,3,0,0,0
2020-05-21 07:00,6,1,5,0,0,0
2020-05-21 07:15,10,4,6,0,0,0
2020-05-21 07:30,13,7,6,0,0,0
2020-05-21 07:45,14,6,8,0,0,0
2020-05-21 08:00,16,6,10,0,0,0
2020-05-21 08:15,11,8,3,0,0,0
2020-05-21 08:30,19,8,11,0,0,0
2020-05-21 08:45,28,12,16,0,0,0
2020-05-21 09:00,27,16,11,0,0,0
2020-05-21 09:15,22,7,15,0,0,0
2020-05-21 09:30,33,13,20,0,0,0
2020-05-21 09:45,28,11,17,0,0,0
2020-05-21 10:00,39,19,20,0,0,0
2020-05-21 10:15,34,20,14,0,0,0
2020-05-21 10:30,46,26,20,0,0,0
2020-05-21 10:45,59,27,32,0,0,0
2020-05-21 11:00,61,32,29,0,0,0
2020-05-21 11:15,67,37,30,0,0,0
2020-05-21 11:30,52,30,22,0,0,0
2020-05-21 11:45,84,45,39,0,0,0
2020-05-21 12:00,88,38,50,0,0,0
2020-05-21 12:15,63,30,33,0,0,0
2020-05-21 12:30,71,49,22,0,0,0
2020-05-21 12:45,75,39,36,0,0,0
2020-05-21 13:00,70,40,30,0,0,0
2020-05-21 13:15,80,43,37,0,0,0
2020-05-21 13:30,91,56,35,0,0,0
2020-05-21 13:45,111,65,46,0,0,0
2020-05-21 14:00,95,52,43,0,0,0
2020-05-21 14:15,102,50,52,0,0,0
2020-05-21 14:30,93,51,42,0,0,0
2020-05-21 14:45,94,42,52,0,0,0
2020-05-21 15:00,130,51,79,0,0,0
2020-05-21 15:15,104,54,50,0,0,0
2020-05-21 15:30,100,58,42,0,0,0
2020-05-21 15:45,117,65,52,0,0,0
2020-05-21 16:00,127,61,66,0,0,0
2020-05-21 16:15,82,36,46,0,0,0
2020-05-21 16:30,86,57,29,0,0,0
2020-05-21 16:45,103,55,48,0,0,0
2020-05-21 17:00,94,45,49,0,0,0
2020-05-21 17:15,106,56,50,0,0,0
2020-05-21 17:30,98,43,55,0,0,0
2020-05-21 17:45,98,32,66,0,0,0
2020-05-21 18:00,96,51,45,0,0,0
2020-05-21 18:15,103,50,53,0,0,0
2020-05-21 18:30,78,32,46,0,0,0
2020-05-21 18:45,91,31,60,0,0,0
2020-05-21 19:00,105,43,62,0,0,0
2020-05-21 19:15,105,50,55,0,0,0
2020-05-21 19:30,93,36,57,0,0,0
2020-05-21 19:45,80,39,41,0,0,0
2020-05-21 20:00,80,30,50,0,0,0
2020-05-21 20:15,68,24,44,0,0,0
2020-05-21 20:30,66,28,38,0,0,0
2020-05-21 20:45,64,34,30,0,0,0
2020-05-21 21:00,55,16,39,0,0,0
2020-05-21 21:15,55,31,24,0,0,0
2020-05-21 21:30,56,16,40,0,0,0
2020-05-21 21:45,59,24,35,0,0,0
2020-05-21 22:00,58,19,39,0,0,0
2020-05-21 22:15,40,14,26,0,0,0
2020-05-21 22:30,42,10,32,0,0,0
2020-05-21 22:45,38,11,27,0,0,0
2020-05-21 23:00,29,9,20,0,0,0
2020-05-21 23:15,23,5,18,0,0,0
2020-05-21 23:30,44,17,27,0,0,0
2020-05-21 23:45,32,13,19,0,0,0
2020-05-22 00:00,19,6,13,0,0,0
2020-05-22 00:15,27,10,17,0,0,0
2020-05-22 00:30,13,2,11,0,0,0
2020-05-22 00:45,10,2,8,0,0,0
2020-05-22 01:00,12,3,9,0,0,0
2020-05-22 01:15,9,4,5,0,0,0
2020-05-22 01:30,11,6,5,0,0,0
2020-05-22 01:45,9,2,7,0,0,0
2020-05-22 02:00,1,1,0,0,0,0
2020-05-22 02:15,8,2,6,0,0,0
2020-05-22 02:30,10,5,5,0,0,0
2020-05-22 02:45,2,2,0,0,0,0
2020-05-22 03:00,4,0,4,0,0,0
2020-05-22 03:15,2,1,1,0,0,0
2020-05-22 03:30,2,1,1,0,0,0
2020-05-22 03:45,2,1,1,0,0,0
2020-05-22 04:00,1,0,1,0,0,0
2020-05-22 04:15,3,1,2,0,0,0
2020-05-22 04:30,0,0,0,0,0,0
2020-05-22 04:45,6,1,5,0,0,0
2020-05-22 05:00,2,1,1,0,0,0
2020-05-22 05:15,7,4,3,0,0,0
2020-05-22 05:30,8,3,5,0,0,0
2020-05-22 05:45,18,11,7,0,0,0
2020-05-22 06:00,12,2,10,0,0,0
2020-05-22 06:15,22,11,11,0,0,0
2020-05-22 06:30,26,10,16,0,0,0
2020-05-22 06:45,24,11,13,0,0,0
2020-05-22 07:00,38,23,15,0,0,0
2020-05-22 07:15,54,24,30,0,0,0
2020-05-22 07:30,59,23,36,0,0,0
2020-05-22 07:45,52,32,20,0,0,0
2020-05-22 08:00,74,38,36,0,0,0
2020-05-22 08:15,78,34,44,0,0,0
2020-05-22 08:30,71,34,37,0,0,0
2020-05-22 08:45,81,39,42,0,0,0
2020-05-22 09:00,71,32,39,0,0,0
2020-05-22 09:15,61,30,31,0,0,0
2020-05-22 09:30,89,44,45,0,0,0
2020-05-22 09:45,110,48,62,0,0,0
2020-05-22 10:00,72,26,46,0,0,0
2020-05-22 10:15,94,43,51,0,0,0
2020-05-22 10:30,94,37,57,0,0,0
2020-05-22 10:45,95,41,54,0,0,0
2020-05-22 11:00,93,46,47,0,0,0
2020-05-22 11:15,80,36,44,0,0,0
2020-05-22 11:30,85,40,45,0,0,0
2020-05-22 11:45,107,47,60,0,0,0
2020-05-22 12:00,117,64,53,0,0,0
2020-05-22 12:15,110,47,63,0,0,0
2020-05-22 12:30,104,52,52,0,0,0
2020-05-22 12:45,120,51,69,0,0,0
2020-05-22 13:00,108,38,70,0,0,0
2020-05-22 13:15,109,47,62,0,0,0
2020-05-22 13:30,108,54,54,0,0,0
2020-05-22 13:45,133,66,67,0,0,0
2020-05-22 14:00,138,68,70,0,0,0
2020-05-22 14:15,132,60,72,0,0,0
2020-05-22 14:30,104,48,56,0,0,0
2020-05-22 14:45,111,51,60,0,0,0
2020-05-22 15:00,119,51,68,0,0,0
2020-05-22 15:15,112,48,64,0,0,0
2020-05-22 15:30,116,59,57,0,0,0
2020-05-22 15:45,106,52,54,0,0,0
2020-05-22 16:00,120,67,53,0,0,0
2020-05-22 16:15,94,33,61,0,0,0
2020-05-22 16:30,94,37,57,0,0,0
2020-05-22 16:45,110,45,65,0,0,0
2020-05-22 17:00,111,64,47,0,0,0
2020-05-22 17:15,104,44,60,0,0,0
2020-05-22 17:30,96,49,47,0,0,0
2020-05-22 17:45,104,53,51,0,0,0
2020-05-22 18:00,90,38,52,0,0,0
2020-05-22 18:15,85,38,47,0,0,0
2020-05-22 18:30,77,32,45,0,0,0
2020-05-22 18:45,77,38,39,0,0,0
2020-05-22 19:00,75,45,30,0,0,0
2020-05-22 19:15,74,37,37,0,0,0
2020-05-22 19:30,77,38,39,0,0,0
2020-05-22 19:45,66,29,37,0,0,0
2020-05-22 20:00,76,41,35,0,0,0
2020-05-22 20:15,53,26,27,0,0,0
2020-05-22 20:30,46,29,17,0,0,0
2020-05-22 20:45,55,28,27,0,0,0
2020-05-22 21:00,34,13,21,0,0,0
2020-05-22 21:15,36,17,19,0,0,0
2020-05-22 21:30,41,26,15,0,0,0
2020-05-22 21:45,50,19,31,0,0,0
2020-05-22 22:00,30,13,17,0,0,0
2020-05-22 22:15,34,11,23,0,0,0
2020-05-22 22:30,25,7,18,0,0,0
2020-05-22 22:45,21,7,14,0,0,0
2020-05-22 23:00,21,7,14,0,0,0
2020-05-22 23:15,19,9,10,0,0,0
2020-05-22 23:30,24,10,14,0,0,0
2020-05-22 23:45,20,10,10,0,0,0
2020-05-23 00:00,20,11,9,0,0,0
2020-05-23 00:15,22,3,19,0,0,0
2020-05-23 00:30,21,11,10,0,0,0
2020-05-23 00:45,16,5,11,0,0,0
2020-05-23 01:00,5,2,3,0,0,0
2020-05-23 01:15,11,5,6,0,0,0
2020-05-23 01:30,14,2,12,0,0,0
2020-05-23 01:45,12,2,10,0,0,0
2020-05-23 02:00,9,4,5,0,0,0
2020-05-23 02:15,11,4,7,0,0,0
2020-05-23 02:30,6,2,4,0,0,0
2020-05-23 02:45,7,2,5,0,0,0
2020-05-23 03:00,3,0,3,0,0,0
2020-05-23 03:15,7,0,7,0,0,0
2020-05-23 03:30,2,1,1,0,0,0
2020-05-23 03:45,2,1,1,0,0,0
2020-05-23 04:00,0,0,0,0,0,0
2020-05-23 04:15,3,0,3,0,0,0
2020-05-23 04:30,7,3,4,0,0,0
2020-05-23 04:45,5,1,4,0,0,0
2020-05-23 05:00,2,0,2,0,0,0
2020-05-23 05:15,9,2,7,0,0,0
2020-05-23 05:30,11,3,8,0,0,0
2020-05-23 05:45,9,5,4,0,0,0
2020-05-23 06:00,3,0,3,0,0,0
2020-05-23 06:15,8,4,4,0,0,0
2020-05-23 06:30,6,1,5,0,0,0
2020-05-23 06:45,7,3,4,0,0,0
2020-05-23 07:00,4,1,3,0,0,0
2020-05-23 07:15,13,7,6,0,0,0
2020-05-23 07:30,9,5,4,0,0,0
2020-05-23 07:45,19,5,14,0,0,0
2020-05-23 08:00,14,5,9,0,0,0
2020-05-23 08:15,24,10,14,0,0,0
2020-05-23 08:30,23,7,16,0,0,0
2020-05-23 08:45,31,13,18,0,0,0
2020-05-23 09:00,27,15,12,0,0,0
2020-05-23 09:15,45,18,27,0,0,0
2020-05-23 09:30,54,19,35,0,0,0
2020-05-23 09:45,68,22,46,0,0,0
2020-05-23 10:00,52,15,37,0,0,0
2020-05-23 10:15,57,24,33,0,0,0
2020-05-23 10:30,67,30,37,0,0,0
2020-05-23 10:45,86,43,43,0,0,0
2020-05-23 11:00,68,32,36,0,0,0
2020-05-23 11:15,89,44,45,0,0,0
2020-05-23 11:30,89,37,52,0,0,0
2020-05-23 11:45,88,35,53,0,0,0
2020-05-23 12:00,85,31,54,0,0,0
2020-05-23 12:15,82,34,48,0,0,0
2020-05-23 12:30,92,42,50,0,0,0
2020-05-23 12:45,77,45,32,0,0,0
2020-05-23 13:00,99,53,46,0,0,0
2020-05-23 13:15,78,41,37,0,0,0
2020-05-23 13:30,97,45,52,0,0,0
2020-05-23 13:45,96,43,53,0,0,0
2020-05-23 14:00,90,35,55,0,0,0
2020-05-23 14:15,101,58,43,0,0,0
2020-05-23 14:30,114,52,62,0,0,0
2020-05-23 14:45,100,51,49,0,0,0
2020-05-23 15:00,91,48,43,0,0,0
2020-05-23 15:15,92,48,44,0,0,0
2020-05-23 15:30,73,37,36,0,0,0
2020-05-23 15:45,87,52,35,0,0,0
2020-05-23 16:00,109,63,46,0,0,0
2020-05-23 16:15,84,46,38,0,0,0
2020-05-23 16:30,78,37,41,0,0,0
2020-05-23 16:45,116,55,61,0,0,0
2020-05-23 17:00,66,25,41,0,0,0
2020-05-23 17:15,95,42,53,0,0,0
2020-05-23 17:30,108,55,53,0,0,0
2020-05-23 17:45,88,49,39,0,0,0
2020-05-23 18:00,91,52,39,0,0,0
2020-05-23 18:15,97,61,36,0,0,0
2020-05-23 18:30,104,61,43,0,0,0
2020-05-23 18:45,80,32,48,0,0,0
2020-05-23 19:00,85,47,38,0,0,0
2020-05-23 19:15,68,38,30,0,0,0
2020-05-23 19:30,60,25,35,0,0,0
2020-05-23 19:45,60,34,26,0,0,0
2020-05-23 20:00,69,28,41,0,0,0
2020-05-23 20:15,52,26,26,0,0,0
2020-05-23 20:30,49,27,22,0,0,0
2020-05-23 20:45,40,22,18,0,0,0
2020-05-23 21:00,46,27,19,0,0,0
2020-05-23 21:15,38,23,15,0,0,0
2020-05-23 21:30,40,21,19,0,0,0
2020-05-23 21:45,47,19,28,0,0,0
2020-05-23 22:00,42,13,29,0,0,0
2020-05-23 22:15,32,12,20,0,0,0
2020-05-23 22:30,38,15,23,0,0,0
2020-05-23 22:45,27,11,16,0,0,0
2020-05-23 23:00,34,12,22,0,0,0
2020-05-23 23:15,23,12,11,0,0,0
2020-05-23 23:30,29,12,17,0,0,0
2020-05-23 23:45,18,6,12,0,0,0
2020-05-24 00:00,24,10,14,0,0,0
2020-05-24 00:15,35,10,25,0,0,0
2020-05-24 00:30,28,5,23,0,0,0
2020-05-24 00:45,20,6,14,0,0,0
2020-05-24 01:00,13,7,6,0,0,0
2020-05-24 01:15,19,6,13,0,0,0
2020-05-24 01:30,10,5,5,0,0,0
2020-05-24 01:45,11,5,6,0,0,0
2020-05-24 02:00,8,2,6,0,0,0
2020-05-24 02:15,18,6,12,0,0,0
2020-05-24 02:30,4,0,4,0,0,0
2020-05-24 02:45,9,4,5,0,0,0
2020-05-24 03:00,8,4,4,0,0,0
2020-05-24 03:15,6,2,4,0,0,0
2020-05-24 03:30,4,1,3,0,0,0
2020-05-24 03:45,5,1,4,0,0,0
2020-05-24 04:00,11,2,9,0,0,0
2020-05-24 04:15,2,1,1,0,0,0
2020-05-24 04:30,6,2,4,0,0,0
2020-05-24 04:45,5,3,2,0,0,0
2020-05-24 05:00,4,2,2,0,0,0
2020-05-24 05:15,5,3,2,0,0,0
2020-05-24 05:30,5,2,3,0,0,0
2020-05-24 05:45,5,3,2,0,0,0
2020-05-24 06:00,3,0,3,0,0,0
2020-05-24 06:15,5,2,3,0,0,0
2020-05-24 06:30,1,0,1,0,0,0
2020-05-24 06:45,6,2,4,0,0,0
2020-05-24 07:00,6,1,5,0,0,0
2020-05-24 07:15,5,0,5,0,0,0
2020-05-24 07:30,6,2,4,0,0,0
2020-05-24 07:45,7,2,5,0,0,0
2020-05-24 08:00,3,1,2,0,0,0
2020-05-24 08:15,9,1,8,0,0,0
2020-05-24 08:30,12,8,4,0,0,0
2020-05-24 08:45,13,5,8,0,0,0
2020-05-24 09:00,9,4,5,0,0,0
2020-05-24 09:15,24,10,14,0,0,0
2020-05-24 09:30,26,9,17,0,0,0
2020-05-24 09:45,35,16,19,0,0,0
2020-05-24 10:00,28,9,19,0,0,0
2020-05-24 10:15,30,11,19,0,0,0
2020-05-24 10:30,30,14,16,0,0,0
2020-05-24 10:45,42,16,26,0,0,0
2020-05-24 11:00,36,19,17,0,0,0
2020-05-24 11:15,34,20,14,0,0,0
2020-05-24 11:30,42,16,26,0,0,0
2020-05-24 11:45,45,15,30,0,0,0
2020-05-24 12:00,55,23,32,0,0,0
2020-05-24 12:15,41,25,16,0,0,0
2020-05-24 12:30,26,11,15,0,0,0
2020-05-24 12:45,54,24,30,0,0,0
2020-05-24 13:00,45,23,22,0,0,0
2020-05-24 13:15,47,19,28,0,0,0
2020-05-24 13:30,46,21,25,0,0,0
2020-05-24 13:45,47,18,29,0,0,0
2020-05-24 14:00,41,23,18,0,0,0
2020-05-24 14:15,38,16,22,0,0,0
2020-05-24 14:30,43,14,29,0,0,0
2020-05-24 14:45,38,11,27,0,0,0
2020-05-24 15:00,34,14,20,0,0,0
2020-05-24 15:15,34,11,23,0,0,0
2020-05-24 15:30,46,17,29,0,0,0
2020-05-24 15:45,66,23,43,0,0,0
2020-05-24 16:00,41,11,30,0,0,0
2020-05-24 16:15,31,12,19,0,0,0
2020-05-24 16:30,32,14,18,0,0,0
2020-05-24 16:45,41,16,25,0,0,0
2020-05-24 17:00,46,22,24,0,0,0
2020-05-24 17:15,46,14,32,0,0,0
2020-05-24 17:30,52,20,32,0,0,0
2020-05-24 17:45,51,19,32,0,0,0
2020-05-24 18:00,57,27,30,0,0,0
2020-05-24 18:15,46,22,24,0,0,0
2020-05-24 18:30,46,29,17,0,0,0
2020-05-24 18:45,30,14,16,0,0,0
2020-05-24 19:00,32,11,21,0,0,0
2020-05-24 19:15,36,12,24,0,0,0
2020-05-24 19:30,39,17,22,0,0,0
2020-05-24 19:45,29,8,21,0,0,0
2020-05-24 20:00,40,12,28,0,0,0
2020-05-24 20:15,37,14,23,0,0,0
2020-05-24 20:30,41,13,28,0,0,0
2020-05-24 20:45,25,9,16,0,0,0
2020-05-24 21:00,16,5,11,0,0,0
2020-05-24 21:15,20,10,10,0,0,0
2020-05-24 21:30,23,8,15,0,0,0
2020-05-24 21:45,27,14,13,0,0,0
2020-05-24 22:00,17,8,9,0,0,0
2020-05-24 22:15,17,5,12,0,0,0
2020-05-24 22:30,14,7,7,0,0,0
2020-05-24 22:45,23,6,17,0,0,0
2020-05-24 23:00,6,2,4,0,0,0
2020-05-24 23:15,11,4,7,0,0,0
2020-05-24 23:30,7,1,6,0,0,0
2020-05-24 23:45,6,3,3,0,0,0
2020-05-25 00:00,7,3,4,0,0,0
2020-05-25 00:15,10,1,9,0,0,0
2020-05-25 00:30,11,1,10,0,0,0
2020-05-25 00:45,3,0,3,0,0,0
2020-05-25 01:00,6,3,3,0,0,0
2020-05-25 01:15,0,0,0,0,0,0
2020-05-25 01:30,3,2,1,0,0,0
2020-05-25 01:45,1,1,0,0,0,0
2020-05-25 02:00,3,3,0,0,0,0
2020-05-25 02:15,1,0,1,0,0,0
2020-05-25 02:30,2,0,2,0,0,0
2020-05-25 02:45,0,0,0,0,0,0
2020-05-25 03:00,0,0,0,0,0,0
2020-05-25 03:15,2,0,2,0,0,0
2020-05-25 03:30,1,0,1,0,0,0
2020-05-25 03:45,0,0,0,0,0,0
2020-05-25 04:00,3,2,1,0,0,0
2020-05-25 04:15,1,1,0,0,0,0
2020-05-25 04:30,1,0,1,0,0,0
2020-05-25 04:45,6,0,6,0,0,0
2020-05-25 05:00,2,0,2,0,0,0
2020-05-25 05:15,13,6,7,0,0,0
2020-05-25 05:30,15,4,11,0,0,0
2020-05-25 05:45,19,11,8,0,0,0
2020-05-25 06:00,38,10,28,0,0,0
2020-05-25 06:15,28,9,19,0,0,0
2020-05-25 06:30,40,16,24,0,0,0
2020-05-25 06:45,65,27,38,0,0,0
2020-05-25 07:00,72,36,36,0,0,0
2020-05-25 07:15,80,34,46,0,0,0
2020-05-25 07:30,122,53,69,0,0,0
2020-05-25 07:45,105,59,46,0,0,0
2020-05-25 08:00,93,50,43,0,0,0
2020-05-25 08:15,112,63,49,0,0,0
2020-05-25 08:30,112,49,63,0,0,0
2020-05-25 08:45,90,39,51,0,0,0
2020-05-25 09:00,87,39,48,0,0,0
2020-05-25 09:15,74,24,50,0,0,0
2020-05-25 09:30,69,25,44,0,0,0
2020-05-25 09:45,83,33,50,0,0,0
2020-05-25 10:00,78,33,45,0,0,0
2020-05-25 10:15,74,35,39,0,0,0
2020-05-25 10:30,81,39,42,0,0,0
2020-05-25 10:45,100,46,54,0,0,0
2020-05-25 11:00,99,48,51,0,0,0
2020-05-25 11:15,86,31,55,0,0,0
2020-05-25 11:30,109,43,66,0,0,0
2020-05-25 11:45,89,36,53,0,0,0
2020-05-25 12:00,118,64,54,0,0,0
2020-05-25 12:15,96,48,48,0,0,0
2020-05-25 12:30,115,54,61,0,0,0
2020-05-25 12:45,135,65,70,0,0,0
2020-05-25 13:00,106,57,49,0,0,0
2020-05-25 13:15,112,48,64,0,0,0
2020-05-25 13:30,112,46,66,0,0,0
2020-05-25 13:45,127,52,75,0,0,0
2020-05-25 14:00,104,57,47,0,0,0
2020-05-25 14:15,115,52,63,0,0,0
2020-05-25 14:30,128,55,73,0,0,0
2020-05-25 14:45,119,43,76,0,0,0
2020-05-25 15:00,89,42,47,0,0,0
2020-05-25 15:15,106,52,54,0,0,0
2020-05-25 15:30,114,62,52,0,0,0
2020-05-25 15:45,126,60,66,0,0,0
2020-05-25 16:00,123,63,60,0,0,0
2020-05-25 16:15,131,66,65,0,0,0
2020-05-25 16:30,146,66,80,0,0,0
2020-05-25 16:45,160,83,77,0,0,0
2020-05-25 17:00,171,94,77,0,0,0
2020-05-25 17:15,158,75,83,0,0,0
2020-05-25 17:30,149,64,85,0,0,0
2020-05-25 17:45,143,75,68,0,0,0
2020-05-25 18:00,149,70,79,0,0,0
2020-05-25 18:15,136,80,56,0,0,0
2020-05-25 18:30,126,55,71,0,0,0
2020-05-25 18:45,119,60,59,0,0,0
2020-05-25 19:00,102,57,45,0,0,0
2020-05-25 19:15,99,52,47,0,0,0
2020-05-25 19:30,101,49,52,0,0,0
2020-05-25 19:45,81,38,43,0,0,0
2020-05-25 20:00,85,42,43,0,0,0
2020-05-25 20:15,79,40,39,0,0,0
2020-05-25 20:30,54,22,32,0,0,0
2020-05-25 20:45,49,20,29,0,0,0
2020-05-25 21:00,48,23,25,0,0,0
2020-05-25 21:15,44,22,22,0,0,0
2020-05-25 21:30,62,21,41,0,0,0
2020-05-25 21:45,52,18,34,0,0,0
2020-05-25 22:00,35,17,18,0,0,0
2020-05-25 22:15,31,16,15,0,0,0
2020-05-25 22:30,41,11,30,0,0,0
2020-05-25 22:45,29,10,19,0,0,0
2020-05-25 23:00,38,13,25,0,0,0
2020-05-25 23:15,17,8,9,0,0,0
2020-05-25 23:30,12,5,7,0,0,0
2020-05-25 23:45,12,6,6,0,0,0
2020-05-26 00:00,12,3,9,0,0,0
2020-05-26 00:15,15,1,14,0,0,0
2020-05-26 00:30,21,6,15,0,0,0
2020-05-26 00:45,8,5,3,0,0,0
2020-05-26 01:00,7,1,6,0,0,0
2020-05-26 01:15,4,4,0,0,0,0
2020-05-26 01:30,4,3,1,0,0,0
2020-05-26 01:45,1,0,1,0,0,0
2020-05-26 02:00,2,0,2,0,0,0
2020-05-26 02:15,0,0,0,0,0,0
2020-05-26 02:30,1,0,1,0,0,0
2020-05-26 02:45,1,1,0,0,0,0
2020-05-26 03:00,1,1,0,0,0,0
2020-05-26 03:15,1,1,0,0,0,0
2020-05-26 03:30,1,0,1,0,0,0
2020-05-26 03:45,3,2,1,0,0,0
2020-05-26 04:00,3,1,2,0,0,0
2020-05-26 04:15,2,0,2,0,0,0
2020-05-26 04:30,1,1,0,0,0,0
2020-05-26 04:45,2,1,1,0,0,0
2020-05-26 05:00,12,3,9,0,0,0
2020-05-26 05:15,9,2,7,0,0,0
2020-05-26 05:30,15,7,8,0,0,0
2020-05-26 05:45,20,13,7,0,0,0
2020-05-26 06:00,20,9,11,0,0,0
2020-05-26 06:15,30,11,19,0,0,0
2020-05-26 06:30,41,17,24,0,0,0
2020-05-26 06:45,58,36,22,0,0,0
2020-05-26 07:00,87,46,41,0,0,0
2020-05-26 07:15,77,30,47,0,0,0
2020-05-26 07:30,123,56,67,0,0,0
2020-05-26 07:45,126,66,60,0,0,0
2020-05-26 08:00,95,38,57,0,0,0
2020-05-26 08:15,105,46,59,0,0,0
2020-05-26 08:30,91,43,48,0,0,0
2020-05-26 08:45,111,51,60,0,0,0
2020-05-26 09:00,94,43,51,0,0,0
2020-05-26 09:15,99,41,58,0,0,0
2020-05-26 09:30,89,35,54,0,0,0
2020-05-26 09:45,109,48,61,0,0,0
2020-05-26 10:00,77,31,46,0,0,0
2020-05-26 10:15,68,25,43,0,0,0
2020-05-26 10:30,82,27,55,0,0,0
2020-05-26 10:45,115,61,54,0,0,0
2020-05-26 11:00,85,38,47,0,0,0
2020-05-26 11:15,104,52,52,0,0,0
2020-05-26 11:30,89,41,48,0,0,0
2020-05-26 11:45,118,48,70,0,0,0
2020-05-26 12:00,124,43,81,0,0,0
2020-05-26 12:15,96,39,57,0,0,0
2020-05-26 12:30,128,69,59,0,0,0
2020-05-26 12:45,119,50,69,0,0,0
2020-05-26 13:00,130,64,66,0,0,0
2020-05-26 13:15,104,54,50,0,0,0
2020-05-26 13:30,118,65,53,0,0,0
2020-05-26 13:45,129,62,67,0,0,0
2020-05-26 14:00,114,51,63,0,0,0
2020-05-26 14:15,142,58,84,0,0,0
2020-05-26 14:30,124,58,66,0,0,0
2020-05-26 14:45,126,60,66,0,0,0
2020-05-26 15:00,112,50,62,0,0,0
2020-05-26 15:15,119,55,64,0,0,0
2020-05-26 15:30,115,52,63,0,0,0
2020-05-26 15:45,164,79,85,0,0,0
2020-05-26 16:00,133,73,60,0,0,0
2020-05-26 16:15,132,69,63,0,0,0
2020-05-26 16:30,168,88,80,0,0,0
2020-05-26 16:45,163,77,86,0,0,0
2020-05-26 17:00,170,95,75,0,0,0
2020-05-26 17:15,175,84,91,0,0,0
2020-05-26 17:30,153,80,73,0,0,0
2020-05-26 17:45,164,75,89,0,0,0
2020-05-26 18:00,166,88,78,0,0,0
2020-05-26 18:15,146,65,81,0,0,0
2020-05-26 18:30,131,77,54,0,0,0
2020-05-26 18:45,129,74,55,0,0,0
2020-05-26 19:00,132,72,60,0,0,0
2020-05-26 19:15,109,47,62,0,0,0
2020-05-26 19:30,80,36,44,0,0,0
2020-05-26 19:45,99,52,47,0,0,0
2020-05-26 20:00,97,44,53,0,0,0
2020-05-26 20:15,89,40,49,0,0,0
2020-05-26 20:30,90,34,56,0,0,0
2020-05-26 20:45,67,35,32,0,0,0
2020-05-26 21:00,79,35,44,0,0,0
2020-05-26 21:15,52,29,23,0,0,0
2020-05-26 21:30,60,27,33,0,0,0
2020-05-26 21:45,56,18,38,0,0,0
2020-05-26 22:00,71,23,48,0,0,0
2020-05-26 22:15,38,21,17,0,0,0
2020-05-26 22:30,50,19,31,0,0,0
2020-05-26 22:45,36,16,20,0,0,0
2020-05-26 23:00,35,13,22,0,0,0
2020-05-26 23:15,27,10,17,0,0,0
2020-05-26 23:30,23,8,15,0,0,0
2020-05-26 23:45,13,9,4,0,0,0
2020-05-27 00:00,15,3,12,0,0,0
2020-05-27 00:15,21,11,10,0,0,0
2020-05-27 00:30,14,7,7,0,0,0
2020-05-27 00:45,11,3,8,0,0,0
2020-05-27 01:00,16,11,5,0,0,0
2020-05-27 01:15,7,1,6,0,0,0
2020-05-27 01:30,5,2,3,0,0,0
2020-05-27 01:45,4,1,3,0,0,0
2020-05-27 02:00,2,0,2,0,0,0
2020-05-27 02:15,3,1,2,0,0,0
2020-05-27 02:30,3,0,3,0,0,0
2020-05-27 02:45,2,0,2,0,0,0
2020-05-27 03:00,2,0,2,0,0,0
2020-05-27 03:15,1,0,1,0,0,0
2020-05-27 03:30,2,0,2,0,0,0
2020-05-27 03:45,0,0,0,0,0,0
2020-05-27 04:00,3,1,2,0,0,0
2020-05-27 04:15,3,3,0,0,0,0
2020-05-27 04:30,2,0,2,0,0,0
2020-05-27 04:45,6,2,4,0,0,0
2020-05-27 05:00,5,1,4,0,0,0
2020-05-27 05:15,10,3,7,0,0,0
2020-05-27 05:30,18,7,11,0,0,0
2020-05-27 05:45,13,7,6,0,0,0
2020-05-27 06:00,20,5,15,0,0,0
2020-05-27 06:15,27,13,14,0,0,0
2020-05-27 06:30,41,12,29,0,0,0
2020-05-27 06:45,54,24,30,0,0,0
2020-05-27 07:00,73,32,41,0,0,0
2020-05-27 07:15,74,38,36,0,0,0
2020-05-27 07:30,126,63,63,0,0,0
2020-05-27 07:45,124,69,55,0,0,0
2020-05-27 08:00,110,64,46,0,0,0
2020-05-27 08:15,113,48,65,0,0,0
2020-05-27 08:30,90,39,51,0,0,0
2020-05-27 08:45,123,56,67,0,0,0
2020-05-27 09:00,86,46,40,0,0,0
2020-05-27 09:15,94,37,57,0,0,0
2020-05-27 09:30,114,40,74,0,0,0
2020-05-27 09:45,105,45,60,0,0,0
2020-05-27 10:00,104,43,61,0,0,0
2020-05-27 10:15,92,43,49,0,0,0
2020-05-27 10:30,78,45,33,0,0,0
2020-05-27 10:45,96,40,56,0,0,0
2020-05-27 11:00,88,36,52,0,0,0
2020-05-27 11:15,96,35,61,0,0,0
2020-05-27 11:30,81,37,44,0,0,0
2020-05-27 11:45,113,46,67,0,0,0
2020-05-27 12:00,114,48,66,0,0,0
2020-05-27 12:15,148,62,86,0,0,0
2020-05-27 12:30,116,59,57,0,0,0
2020-05-27 12:45,135,60,75,0,0,0
2020-05-27 13:00,161,83,78,0,0,0
2020-05-27 13:15,130,69,61,0,0,0
2020-05-27 13:30,111,56,55,0,0,0
2020-05-27 13:45,137,73,64,0,0,0
2020-05-27 14:00,128,70,58,0,0,0
2020-05-27 14:15,100,58,42,0,0,0
2020-05-27 14:30,129,61,68,0,0,0
2020-05-27 14:45,126,64,62,0,0,0
2020-05-27 15:00,131,62,69,0,0,0
2020-05-27 15:15,98,55,43,0,0,0
2020-05-27 15:30,124,60,64,0,0,0
2020-05-27 15:45,139,65,74,0,0,0
2020-05-27 16:00,132,76,56,0,0,0
2020-05-27 16:15,110,49,61,0,0,0
2020-05-27 16:30,145,82,63,0,0,0
2020-05-27 16:45,144,65,79,0,0,0
2020-05-27 17:00,146,77,69,0,0,0
2020-05-27 17:15,143,63,80,0,0,0
2020-05-27 17:30,130,63,67,0,0,0
2020-05-27 17:45,161,78,83,0,0,0
2020-05-27 18:00,153,90,63,0,0,0
2020-05-27 18:15,143,81,62,0,0,0
2020-05-27 18:30,153,88,65,0,0,0
2020-05-27 18:45,141,80,61,0,0,0
2020-05-27 19:00,114,60,54,0,0,0
2020-05-27 19:15,124,69,55,0,0,0
2020-05-27 19:30,84,36,48,0,0,0
2020-05-27 19:45,106,56,50,0,0,0
2020-05-27 20:00,86,47,39,0,0,0
2020-05-27 20:15,69,25,44,0,0,0
2020-05-27 20:30,94,46,48,0,0,0
2020-05-27 20:45,74,26,48,0,0,0
2020-05-27 21:00,70,29,41,0,0,0
2020-05-27 21:15,65,25,40,0,0,0
2020-05-27 21:30,62,23,39,0,0,0
2020-05-27 21:45,51,23,28,0,0,0
2020-05-27 22:00,46,19,27,0,0,0
2020-05-27 22:15,37,10,27,0,0,0
2020-05-27 22:30,48,25,23,0,0,0
2020-05-27 22:45,33,13,20,0,0,0
2020-05-27 23:00,34,8,26,0,0,0
2020-05-27 23:15,31,14,17,0,0,0
2020-05-27 23:30,16,8,8,0,0,0
2020-05-27 23:45,18,7,11,0,0,0
2020-05-28 00:00,28,7,21,0,0,0
2020-05-28 00:15,15,5,10,0,0,0
2020-05-28 00:30,10,4,6,0,0,0
2020-05-28 00:45,8,3,5,0,0,0
2020-05-28 01:00,11,5,6,0,0,0
2020-05-28 01:15,7,2,5,0,0,0
2020-05-28 01:30,3,1,2,0,0,0
2020-05-28 01:45,5,1,4,0,0,0
2020-05-28 02:00,2,0,2,0,0,0
2020-05-28 02:15,3,2,1,0,0,0
2020-05-28 02:30,1,1,0,0,0,0
2020-05-28 02:45,3,1,2,0,0,0
2020-05-28 03:00,1,0,1,0,0,0
2020-05-28 03:15,3,0,3,0,0,0
2020-05-28 03:30,1,1,0,0,0,0
2020-05-28 03:45,0,0,0,0,0,0
2020-05-28 04:00,2,1,1,0,0,0
2020-05-28 04:15,0,0,0,0,0,0
2020-05-28 04:30,3,1,2,0,0,0
2020-05-28 04:45,2,0,2,0,0,0
2020-05-28 05:00,9,4,5,0,0,0
2020-05-28 05:15,11,4,7,0,0,0
2020-05-28 05:30,16,8,8,0,0,0
2020-05-28 05:45,19,5,14,0,0,0
2020-05-28 06:00,28,8,20,0,0,0
2020-05-28 06:15,24,10,14,0,0,0
2020-05-28 06:30,37,13,24,0,0,0
2020-05-28 06:45,56,25,31,0,0,0
2020-05-28 07:00,60,31,29,0,0,0
2020-05-28 07:15,84,42,42,0,0,0
2020-05-28 07:30,140,65,75,0,0,0
2020-05-28 07:45,138,69,69,0,0,0
2020-05-28 08:00,112,50,62,0,0,0
2020-05-28 08:15,108,51,57,0,0,0
2020-05-28 08:30,117,56,61,0,0,0
2020-05-28 08:45,106,46,60,0,0,0
2020-05-28 09:00,88,44,44,0,0,0
2020-05-28 09:15,92,32,60,0,0,0
2020-05-28 09:30,89,42,47,0,0,0
2020-05-28 09:45,122,57,65,0,0,0
2020-05-28 10:00,101,43,58,0,0,0
2020-05-28 10:15,92,46,46,0,0,0
2020-05-28 10:30,81,39,42,0,0,0
2020-05-28 10:45,78,41,37,0,0,0
2020-05-28 11:00,117,58,59,0,0,0
2020-05-28 11:15,134,49,85,0,0,0
2020-05-28 11:30,120,60,60,0,0,0
2020-05-28 11:45,123,62,61,0,0,0
2020-05-28 12:00,120,54,66,0,0,0
2020-05-28 12:15,135,66,69,0,0,0
2020-05-28 12:30,124,68,56,0,0,0
2020-05-28 12:45,111,60,51,0,0,0
2020-05-28 13:00,137,72,65,0,0,0
2020-05-28 13:15,129,63,66,0,0,0
2020-05-28 13:30,107,55,52,0,0,0
2020-05-28 13:45,135,74,61,0,0,0
2020-05-28 14:00,128,61,67,0,0,0
2020-05-28 14:15,123,63,60,0,0,0
2020-05-28 14:30,113,60,53,0,0,0
2020-05-28 14:45,120,54,66,0,0,0
2020-05-28 15:00,102,48,54,0,0,0
2020-05-28 15:15,130,65,65,0,0,0
2020-05-28 15:30,110,57,53,0,0,0
2020-05-28 15:45,154,77,77,0,0,0
2020-05-28 16:00,132,70,62,0,0,0
2020-05-28 16:15,151,77,74,0,0,0
2020-05-28 16:30,137,74,63,0,0,0
2020-05-28 16:45,172,97,75,0,0,0
2020-05-28 17:00,160,79,81,0,0,0
2020-05-28 17:15,172,89,83,0,0,0
2020-05-28 17:30,188,96,92,0,0,0
2020-05-28 17:45,143,86,57,0,0,0
2020-05-28 18:00,182,100,82,0,0,0
2020-05-28 18:15,131,70,61,0,0,0
2020-05-28 18:30,139,79,60,0,0,0
2020-05-28 18:45,131,77,54,0,0,0
2020-05-28 19:00,127,66,61,0,0,0
2020-05-28 19:15,119,56,63,0,0,0
2020-05-28 19:30,101,50,51,0,0,0
2020-05-28 19:45,134,74,60,0,0,0
2020-05-28 20:00,96,51,45,0,0,0
2020-05-28 20:15,82,43,39,0,0,0
2020-05-28 20:30,95,40,55,0,0,0
2020-05-28 20:45,63,16,47,0,0,0
2020-05-28 21:00,67,23,44,0,0,0
2020-05-28 21:15,60,25,35,0,0,0
2020-05-28 21:30,78,20,58,0,0,0
2020-05-28 21:45,53,20,33,0,0,0
2020-05-28 22:00,65,21,44,0,0,0
2020-05-28 22:15,49,17,32,0,0,0
2020-05-28 22:30,45,16,29,0,0,0
2020-05-28 22:45,46,19,27,0,0,0
2020-05-28 23:00,39,9,30,0,0,0
2020-05-28 23:15,20,8,12,0,0,0
2020-05-28 23:30,27,14,13,0,0,0
2020-05-28 23:45,15,5,10,0,0,0
2020-05-29 00:00,15,4,11,0,0,0
2020-05-29 00:15,10,4,6,0,0,0
2020-05-29 00:30,8,3,5,0,0,0
2020-05-29 00:45,9,3,6,0,0,0
2020-05-29 01:00,9,4,5,0,0,0
2020-05-29 01:15,11,4,7,0,0,0
2020-05-29 01:30,7,2,5,0,0,0
2020-05-29 01:45,10,4,6,0,0,0
2020-05-29 02:00,4,0,4,0,0,0
2020-05-29 02:15,0,0,0,0,0,0
2020-05-29 02:30,3,1,2,0,0,0
2020-05-29 02:45,2,1,1,0,0,0
2020-05-29 03:00,2,1,1,0,0,0
2020-05-29 03:15,3,2,1,0,0,0
2020-05-29 03:30,4,2,2,0,0,0
2020-05-29 03:45,6,2,4,0,0,0
2020-05-29 04:00,2,1,1,0,0,0
2020-05-29 04:15,3,1,2,0,0,0
2020-05-29 04:30,5,3,2,0,0,0
2020-05-29 04:45,4,0,4,0,0,0
2020-05-29 05:00,6,1,5,0,0,0
2020-05-29 05:15,13,6,7,0,0,0
2020-05-29 05:30,24,10,14,0,0,0
2020-05-29 05:45,17,7,10,0,0,0
2020-05-29 06:00,19,5,14,0,0,0
2020-05-29 06:15,25,11,14,0,0,0
2020-05-29 06:30,54,25,29,0,0,0
2020-05-29 06:45,39,20,19,0,0,0
2020-05-29 07:00,73,29,44,0,0,0
2020-05-29 07:15,79,39,40,0,0,0
2020-05-29 07:30,102,39,63,0,0,0
2020-05-29 07:45,129,57,72,0,0,0
2020-05-29 08:00,96,44,52,0,0,0
2020-05-29 08:15,116,49,67,0,0,0
2020-05-29 08:30,87,44,43,0,0,0
2020-05-29 08:45,98,45,53,0,0,0
2020-05-29 09:00,81,34,47,0,0,0
2020-05-29 09:15,82,30,52,0,0,0
2020-05-29 09:30,85,43,42,0,0,0
2020-05-29 09:45,90,35,55,0,0,0
2020-05-29 10:00,100,53,47,0,0,0
2020-05-29 10:15,89,46,43,0,0,0
2020-05-29 10:30,85,40,45,0,0,0
2020-05-29 10:45,107,57,50,0,0,0
2020-05-29 11:00,97,36,61,0,0,0
2020-05-29 11:15,114,46,68,0,0,0
2020-05-29 11:30,128,63,65,0,0,0
2020-05-29 11:45,109,49,60,0,0,0
2020-05-29 12:00,103,52,51,0,0,0
2020-05-29 12:15,141,64,77,0,0,0
2020-05-29 12:30,121,49,72,0,0,0
2020-05-29 12:45,129,63,66,0,0,0
2020-05-29 13:00,169,84,85,0,0,0
2020-05-29 13:15,133,59,74,0,0,0
2020-05-29 13:30,120,64,56,0,0,0
2020-05-29 13:45,142,83,59,0,0,0
2020-05-29 14:00,151,74,77,0,0,0
2020-05-29 14:15,122,75,47,0,0,0
2020-05-29 14:30,99,44,55,0,0,0
2020-05-29 14:45,131,63,68,0,0,0
2020-05-29 15:00,100,39,61,0,0,0
2020-05-29 15:15,121,62,59,0,0,0
2020-05-29 15:30,138,70,68,0,0,0
2020-05-29 15:45,148,71,77,0,0,0
2020-05-29 16:00,142,63,79,0,0,0
2020-05-29 16:15,131,65,66,0,0,0
2020-05-29 16:30,129,73,56,0,0,0
2020-05-29 16:45,134,80,54,0,0,0
2020-05-29 17:00,153,83,70,0,0,0
2020-05-29 17:15,121,64,57,0,0,0
2020-05-29 17:30,141,67,74,0,0,0
2020-05-29 17:45,117,64,53,0,0,0
2020-05-29 18:00,122,60,62,0,0,0
2020-05-29 18:15,127,64,63,0,0,0
2020-05-29 18:30,125,72,53,0,0,0
2020-05-29 18:45,125,70,55,0,0,0
2020-05-29 19:00,132,72,60,0,0,0
2020-05-29 19:15,105,59,46,0,0,0
2020-05-29 19:30,114,60,54,0,0,0
2020-05-29 19:45,105,50,55,0,0,0
2020-05-29 20:00,90,42,48,0,0,0
2020-05-29 20:15,79,46,33,0,0,0
2020-05-29 20:30,70,34,36,0,0,0
2020-05-29 20:45,86,46,40,0,0,0
2020-05-29 21:00,89,30,59,0,0,0
2020-05-29 21:15,71,36,35,0,0,0
2020-05-29 21:30,67,24,43,0,0,0
2020-05-29 21:45,87,23,64,0,0,0
2020-05-29 22:00,72,25,47,0,0,0
2020-05-29 22:15,44,21,23,0,0,0
2020-05-29 22:30,47,23,24,0,0,0
2020-05-29 22:45,51,28,23,0,0,0
2020-05-29 23:00,45,10,35,0,0,0
2020-05-29 23:15,66,19,47,0,0,0
2020-05-29 23:30,31,11,20,0,0,0
2020-05-29 23:45,27,9,18,0,0,0
2020-05-30 00:00,42,12,30,0,0,0
2020-05-30 00:15,49,14,35,0,0,0
2020-05-30 00:30,30,9,21,0,0,0
2020-05-30 00:45,19,9,10,0,0,0
2020-05-30 01:00,18,6,12,0,0,0
2020-05-30 01:15,23,6,17,0,0,0
2020-05-30 01:30,11,3,8,0,0,0
2020-05-30 01:45,27,9,18,0,0,0
2020-05-30 02:00,10,5,5,0,0,0
2020-05-30 02:15,13,5,8,0,0,0
2020-05-30 02:30,9,2,7,0,0,0
2020-05-30 02:45,8,2,6,0,0,0
2020-05-30 03:00,8,1,7,0,0,0
2020-05-30 03:15,5,0,5,0,0,0
2020-05-30 03:30,4,1,3,0,0,0
2020-05-30 03:45,2,1,1,0,0,0
2020-05-30 04:00,6,3,3,0,0,0
2020-05-30 04:15,5,0,5,0,0,0
2020-05-30 04:30,3,1,2,0,0,0
2020-05-30 04:45,3,1,2,0,0,0
2020-05-30 05:00,2,0,2,0,0,0
2020-05-30 05:15,3,0,3,0,0,0
2020-05-30 05:30,7,2,5,0,0,0
2020-05-30 05:45,13,3,10,0,0,0
2020-05-30 06:00,5,2,3,0,0,0
2020-05-30 06:15,4,0,4,0,0,0
2020-05-30 06:30,9,2,7,0,0,0
2020-05-30 06:45,15,7,8,0,0,0
2020-05-30 07:00,12,7,5,0,0,0
2020-05-30 07:15,10,4,6,0,0,0
2020-05-30 07:30,22,11,11,0,0,0
2020-05-30 07:45,19,10,9,0,0,0
2020-05-30 08:00,20,9,11,0,0,0
2020-05-30 08:15,31,16,15,0,0,0
2020-05-30 08:30,27,17,10,0,0,0
2020-05-30 08:45,46,16,30,0,0,0
2020-05-30 09:00,24,8,16,0,0,0
2020-05-30 09:15,63,28,35,0,0,0
2020-05-30 09:30,48,17,31,0,0,0
2020-05-30 09:45,57,18,39,0,0,0
2020-05-30 10:00,63,30,33,0,0,0
2020-05-30 10:15,52,19,33,0,0,0
2020-05-30 10:30,56,24,32,0,0,0
2020-05-30 10:45,86,38,48,0,0,0
2020-05-30 11:00,91,36,55,0,0,0
2020-05-30 11:15,112,41,71,0,0,0
2020-05-30 11:30,101,39,62,0,0,0
2020-05-30 11:45,116,62,54,0,0,0
2020-05-30 12:00,94,42,52,0,0,0
2020-05-30 12:15,93,50,43,0,0,0
2020-05-30 12:30,112,42,70,0,0,0
2020-05-30 12:45,80,31,49,0,0,0
2020-05-30 13:00,104,46,58,0,0,0
2020-05-30 13:15,80,40,40,0,0,0
2020-05-30 13:30,96,62,34,0,0,0
2020-05-30 13:45,100,46,54,0,0,0
2020-05-30 14:00,137,65,72,0,0,0
2020-05-30 14:15,113,51,62,0,0,0
2020-05-30 14:30,117,68,49,0,0,0
2020-05-30 14:45,132,75,57,0,0,0
2020-05-30 15:00,89,51,38,0,0,0
2020-05-30 15:15,109,66,43,0,0,0
2020-05-30 15:30,103,39,64,0,0,0
2020-05-30 15:45,110,55,55,0,0,0
2020-05-30 16:00,93,56,37,0,0,0
2020-05-30 16:15,138,55,83,0,0,0
2020-05-30 16:30,121,54,67,0,0,0
2020-05-30 16:45,112,69,43,0,0,0
2020-05-30 17:00,93,45,48,0,0,0
2020-05-30 17:15,117,64,53,0,0,0
2020-05-30 17:30,82,37,45,0,0,0
2020-05-30 17:45,98,51,47,0,0,0
2020-05-30 18:00,109,51,58,0,0,0
2020-05-30 18:15,118,59,59,0,0,0
2020-05-30 18:30,94,46,48,0,0,0
2020-05-30 18:45,102,55,47,0,0,0
2020-05-30 19:00,117,52,65,0,0,0
2020-05-30 19:15,109,49,60,0,0,0
2020-05-30 19:30,96,45,51,0,0,0
2020-05-30 19:45,91,38,53,0,0,0
2020-05-30 20:00,76,43,33,0,0,0
2020-05-30 20:15,83,40,43,0,0,0
2020-05-30 20:30,74,44,30,0,0,0
2020-05-30 20:45,75,36,39,0,0,0
2020-05-30 21:00,62,27,35,0,0,0
2020-05-30 21:15,60,20,40,0,0,0
2020-05-30 21:30,71,30,41,0,0,0
2020-05-30 21:45,40,18,22,0,0,0
2020-05-30 22:00,46,14,32,0,0,0
2020-05-30 22:15,64,21,43,0,0,0
2020-05-30 22:30,65,30,35,0,0,0
2020-05-30 22:45,46,19,27,0,0,0
2020-05-30 23:00,51,13,38,0,0,0
2020-05-30 23:15,54,20,34,0,0,0
2020-05-30 23:30,22,8,14,0,0,0
2020-05-30 23:45,34,10,24,0,0,0
2020-05-31 00:00,33,12,21,0,0,0
2020-05-31 00:15,45,11,34,0,0,0
2020-05-31 00:30,21,9,12,0,0,0
2020-05-31 00:45,33,14,19,0,0,0
2020-05-31 01:00,29,8,21,0,0,0
2020-05-31 01:15,19,4,15,0,0,0
2020-05-31 01:30,27,1,26,0,0,0
2020-05-31 01:45,21,9,12,0,0,0
2020-05-31 02:00,22,10,12,0,0,0
2020-05-31 02:15,12,2,10,0,0,0
2020-05-31 02:30,7,3,4,0,0,0
2020-05-31 02:45,12,5,7,0,0,0
2020-05-31 03:00,10,3,7,0,0,0
2020-05-31 03:15,4,3,1,0,0,0
2020-05-31 03:30,4,1,3,0,0,0
2020-05-31 03:45,8,2,6,0,0,0
2020-05-31 04:00,3,2,1,0,0,0
2020-05-31 04:15,3,0,3,0,0,0
2020-05-31 04:30,1,0,1,0,0,0
2020-05-31 04:45,6,2,4,0,0,0
2020-05-31 05:00,0,0,0,0,0,0
2020-05-31 05:15,3,1,2,0,0,0
2020-05-31 05:30,9,0,9,0,0,0
2020-05-31 05:45,2,2,0,0,0,0
2020-05-31 06:00,2,1,1,0,0,0
2020-05-31 06:15,4,1,3,0,0,0
2020-05-31 06:30,6,3,3,0,0,0
2020-05-31 06:45,10,3,7,0,0,0
2020-05-31 07:00,3,0,3,0,0,0
2020-05-31 07:15,6,1,5,0,0,0
2020-05-31 07:30,5,2,3,0,0,0
2020-05-31 07:45,11,7,4,0,0,0
2020-05-31 08:00,14,7,7,0,0,0
2020-05-31 08:15,10,3,7,0,0,0
2020-05-31 08:30,8,6,2,0,0,0
2020-05-31 08:45,8,3,5,0,0,0
2020-05-31 09:00,22,7,15,0,0,0
2020-05-31 09:15,18,9,9,0,0,0
2020-05-31 09:30,18,12,6,0,0,0
2020-05-31 09:45,40,15,25,0,0,0
2020-05-31 10:00,34,17,17,0,0,0
2020-05-31 10:15,38,20,18,0,0,0
2020-05-31 10:30,47,19,28,0,0,0
2020-05-31 10:45,50,25,25,0,0,0
2020-05-31 11:00,37,13,24,0,0,0
2020-05-31 11:15,46,25,21,0,0,0
2020-05-31 11:30,44,16,28,0,0,0
2020-05-31 11:45,63,33,30,0,0,0
2020-05-31 12:00,32,7,25,0,0,0
2020-05-31 12:15,50,17,33,0,0,0
2020-05-31 12:30,64,31,33,0,0,0
2020-05-31 12:45,54,29,25,0,0,0
2020-05-31 13:00,65,32,33,0,0,0
2020-05-31 13:15,79,44,35,0,0,0
2020-05-31 13:30,66,27,39,0,0,0
2020-05-31 13:45,78,35,43,0,0,0
2020-05-31 14:00,85,41,44,0,0,0
2020-05-31 14:15,62,28,34,0,0,0
2020-05-31 14:30,66,27,39,0,0,0
2020-05-31 14:45,73,35,38,0,0,0
2020-05-31 15:00,69,36,33,0,0,0
2020-05-31 15:15,79,36,43,0,0,0
2020-05-31 15:30,85,28,57,0,0,0
2020-05-31 15:45,82,39,43,0,0,0
2020-05-31 16:00,77,39,38,0,0,0
2020-05-31 16:15,78,43,35,0,0,0
2020-05-31 16:30,68,33,35,0,0,0
2020-05-31 16:45,79,38,41,0,0,0
2020-05-31 17:00,77,41,36,0,0,0
2020-05-31 17:15,79,36,43,0,0,0
2020-05-31 17:30,82,33,49,0,0,0
2020-05-31 17:45,82,37,45,0,0,0
2020-05-31 18:00,114,48,66,0,0,0
2020-05-31 18:15,94,43,51,0,0,0
2020-05-31 18:30,80,46,34,0,0,0
2020-05-31 18:45,78,46,32,0,0,0
2020-05-31 19:00,61,21,40,0,0,0
2020-05-31 19:15,88,37,51,0,0,0
2020-05-31 19:30,75,41,34,0,0,0
2020-05-31 19:45,79,32,47,0,0,0
2020-05-31 20:00,85,34,51,0,0,0
2020-05-31 20:15,94,43,51,0,0,0
2020-05-31 20:30,60,21,39,0,0,0
2020-05-31 20:45,67,31,36,0,0,0
2020-05-31 21:00,57,30,27,0,0,0
2020-05-31 21:15,53,12,41,0,0,0
2020-05-31 21:30,41,15,26,0,0,0
2020-05-31 21:45,31,16,15,0,0,0
2020-05-31 22:00,46,24,22,0,0,0
2020-05-31 22:15,37,23,14,0,0,0
2020-05-31 22:30,37,15,22,0,0,0
2020-05-31 22:45,39,12,27,0,0,0
2020-05-31 23:00,21,5,16,0,0,0
2020-05-31 23:15,33,17,16,0,0,0
2020-05-31 23:30,39,20,19,0,0,0
2020-05-31 23:45,27,11,16,0,0,0
